type,beta,delta,p,c,gamma,roh,alpha,SSR
bootstrap_1,1e-08,0.8916250438527016,1166.7349921633995,289.55853982884594,1.0298793096197225e-05,0.5,10.039889128831149,29.705380446404742
bootstrap_2,1e-08,0.8916245165528909,1166.7349628788766,289.55835376009657,1.0298792845572056e-05,0.5,10.039889539576505,26.730802141978742
bootstrap_3,1e-08,0.9326742407694801,1000.0335009960052,303.22099266836796,1.0557879652855874e-05,0.5,9.613051104128282,28.66887072656091
bootstrap_4,1e-08,0.8916245165528909,1166.7349628788766,289.55835376009657,1.0298792845572056e-05,0.5,10.039889539576505,28.658783714938007
bootstrap_5,1e-08,0.8761311815473593,1192.0071026657006,284.56325523711456,1.0308169479848656e-05,0.5,10.024942648669427,31.480010568609945
bootstrap_6,1e-08,0.9368846446031207,1001.0362737562915,304.5150228695393,1.0557934016504948e-05,0.5,9.61290357870097,27.65965038655362
bootstrap_7,1e-08,0.9326742407694801,1000.0335009960052,303.22099266836796,1.0557879652855874e-05,0.5,9.613051104128282,28.999599012610762
bootstrap_8,1e-08,0.9332370243441571,1000.0000032299715,303.4121776132011,1.0558236222629666e-05,0.5,9.612461568052986,31.175255904499675
bootstrap_9,1e-08,0.8916242041675606,1166.735305161932,289.55824133226116,1.0298792426963708e-05,0.5,10.039890235769267,31.389323160932207
bootstrap_10,1e-08,1.457265762143222,47787.53032229685,468.1845626573526,1.0605428255376871e-05,0.4998824555562995,9.535545004895344,29.283367019721386
bootstrap_11,1e-08,0.8916250735432341,1166.7353000292958,289.55852508277235,1.029879307749433e-05,0.5,10.039889168006576,33.36857648211384
bootstrap_12,1e-08,0.8916245165528909,1166.7349628788766,289.55835376009657,1.0298792845572056e-05,0.5,10.039889539576505,30.121066695389143
bootstrap_13,1e-08,0.9332410246976084,1000.0025341734531,303.4133615787167,1.0558210927130955e-05,0.5,9.612503092922186,29.741730036105384
bootstrap_14,1e-08,0.8916245165528909,1166.7349628788766,289.55835376009657,1.0298792845572056e-05,0.5,10.039889539576505,31.879359202014797
bootstrap_15,1e-08,1.4572662584370701,47787.53624460999,468.18459489829,1.0605428368892625e-05,0.4998824557845113,9.535544812938648,28.621989750932876
bootstrap_16,1e-08,0.8916245165528909,1166.7349628788766,289.55835376009657,1.0298792845572056e-05,0.5,10.039889539576505,31.369391421978086
bootstrap_17,1e-08,0.8916245165528909,1166.7349628788766,289.55835376009657,1.0298792845572056e-05,0.5,10.039889539576505,30.250989582218278
bootstrap_18,1e-08,0.9332410246976084,1000.0025341734531,303.4133615787167,1.0558210927130955e-05,0.5,9.612503092922186,30.2846459107884
bootstrap_19,1e-08,0.8761062790976009,1191.946260782931,284.5542847730402,1.0308186836170952e-05,0.5,10.02491318007013,28.105624753847213
bootstrap_20,1e-08,1.4572657641492661,47787.53048076118,468.1845630694241,1.060542825856654e-05,0.4998824555557182,9.535544999877335,30.428097085510785
bootstrap_21,1e-08,0.8916242041675606,1166.735305161932,289.55824133226116,1.0298792426963708e-05,0.5,10.039890235769267,30.15948983468032
bootstrap_22,1e-08,0.8916245165528909,1166.7349628788766,289.55835376009657,1.0298792845572056e-05,0.5,10.039889539576505,31.384825829732787
bootstrap_23,1e-08,0.8916245165528909,1166.7349628788766,289.55835376009657,1.0298792845572056e-05,0.5,10.039889539576505,28.329072366685747
bootstrap_24,1e-08,0.8916245165528909,1166.7349628788766,289.55835376009657,1.0298792845572056e-05,0.5,10.039889539576505,27.232727231130177
bootstrap_25,1e-08,0.9332376123899118,1000.0001142067339,303.4123873655857,1.055823485026267e-05,0.5,9.61246376108934,30.184238253065757
bootstrap_26,1e-08,0.87613118439722,1192.007091826338,284.5632568981185,1.0308169492945432e-05,0.5,10.024942625172693,30.760156319205617
bootstrap_27,1e-08,0.8761062790976009,1191.946260782931,284.5542847730402,1.0308186836170952e-05,0.5,10.02491318007013,30.74835367478371
bootstrap_28,1e-08,0.8916245165528909,1166.7349628788766,289.55835376009657,1.0298792845572056e-05,0.5,10.039889539576505,26.63581642349547
bootstrap_29,1e-08,0.9333490789370199,1000.0069450364084,303.44846561199165,1.0558253137484511e-05,0.5,9.612433085775484,30.13897223135253
bootstrap_30,1e-08,0.8761311531521956,1192.0070551482431,284.56324618452356,1.0308169463715466e-05,0.5,10.02494267296381,28.240989134308585
bootstrap_31,1e-08,0.9332375163334059,1000.0,303.41233316688806,1.0558236460061365e-05,0.5,9.612461175273127,28.466940671161346
bootstrap_32,1e-08,0.8916245165528909,1166.7349628788766,289.55835376009657,1.0298792845572056e-05,0.5,10.039889539576505,30.674114508400365
bootstrap_33,1e-08,0.8761307677218253,1191.8952648709037,284.561916472323,1.0308245430113724e-05,0.5,10.024816023808736,30.602299460152828
bootstrap_34,1e-08,0.9332374930507576,1000.0,303.41232781047887,1.0558236543258579e-05,0.5,9.6124610371077,30.15936820862036
bootstrap_35,1e-08,0.8916245165528909,1166.7349628788766,289.55835376009657,1.0298792845572056e-05,0.5,10.039889539576505,30.98231118323448
bootstrap_36,1e-08,0.8916245165528909,1166.7349628788766,289.55835376009657,1.0298792845572056e-05,0.5,10.039889539576505,27.493120509470742
bootstrap_37,1e-08,0.9332375163334059,1000.0,303.41233316688806,1.0558236460061365e-05,0.5,9.612461175273127,30.353039982551284
bootstrap_38,1e-08,0.9332437719285795,1000.0,303.414363102637,1.0558240246307131e-05,0.5,9.612454874071043,27.41543737088652
bootstrap_39,1e-08,0.8916245165528909,1166.7349628788766,289.55835376009657,1.0298792845572056e-05,0.5,10.039889539576505,29.694343217969983
bootstrap_40,1e-08,1.457266253764498,47787.53595516956,468.1845451545661,1.0605428301779165e-05,0.4998824558981108,9.535544934037276,27.955247955308426
bootstrap_41,1e-08,0.9333490789370199,1000.0069450364084,303.44846561199165,1.0558253137484511e-05,0.5,9.612433085775484,28.98186343819039
bootstrap_42,1e-08,0.8916245165528909,1166.7349628788766,289.55835376009657,1.0298792845572056e-05,0.5,10.039889539576505,33.30545563195868
bootstrap_43,1e-08,0.8761311531521956,1192.0070551482431,284.56324618452356,1.0308169463715466e-05,0.5,10.02494267296381,32.556947103533886
bootstrap_44,1e-08,0.8916245165528909,1166.7349628788766,289.55835376009657,1.0298792845572056e-05,0.5,10.039889539576505,27.210389726530956
bootstrap_45,1e-08,0.8761062790976009,1191.946260782931,284.5542847730402,1.0308186836170952e-05,0.5,10.02491318007013,27.47822336604551
bootstrap_46,1e-08,0.9332375163334059,1000.0,303.41233316688806,1.0558236460061365e-05,0.5,9.612461175273127,27.46301084034475
bootstrap_47,1e-08,0.8916245165528909,1166.7349628788766,289.55835376009657,1.0298792845572056e-05,0.5,10.039889539576505,30.850242493300332
bootstrap_48,1e-08,0.9332403836660781,1000.0,303.413304415037,1.0558238817349312e-05,0.5,9.612457233109208,31.22320289955775
bootstrap_49,1e-08,0.9332375742836243,1000.0,303.4120229360503,1.05582401093446e-05,0.5,9.612455170723944,30.298038583582425
bootstrap_50,1e-08,0.933237497867444,1000.0000027834271,303.412335865473,1.0558236450012215e-05,0.5,9.612461192460062,30.84793364894831
bootstrap_51,1e-08,0.8761062790976009,1191.946260782931,284.5542847730402,1.0308186836170952e-05,0.5,10.02491318007013,31.56588826637267
bootstrap_52,1e-08,0.8761311815473593,1192.0071026657006,284.56325523711456,1.0308169479848656e-05,0.5,10.024942648669427,29.742727770194357
bootstrap_53,1e-08,0.8916245165528909,1166.7349628788766,289.55835376009657,1.0298792845572056e-05,0.5,10.039889539576505,31.332933790993756
bootstrap_54,1e-08,0.9333490789370199,1000.0069450364084,303.44846561199165,1.0558253137484511e-05,0.5,9.612433085775484,29.974446875111557
bootstrap_55,1e-08,0.9332375163334059,1000.0,303.41233316688806,1.0558236460061365e-05,0.5,9.612461175273127,28.30353672642699
bootstrap_56,1e-08,0.8916245165528909,1166.7349628788766,289.55835376009657,1.0298792845572056e-05,0.5,10.039889539576505,31.164372432604125
bootstrap_57,1e-08,0.8916250094823241,1166.7347935518833,289.5585236605598,1.0298793300554806e-05,0.5,10.039888793903511,29.14814393498083
bootstrap_58,1e-08,0.8916245165528909,1166.7349628788766,289.55835376009657,1.0298792845572056e-05,0.5,10.039889539576505,27.721011566590366
bootstrap_59,1e-08,0.8916245165528909,1166.7349628788766,289.55835376009657,1.0298792845572056e-05,0.5,10.039889539576505,29.44815753349509
bootstrap_60,1e-08,0.9333490789370199,1000.0069450364084,303.44846561199165,1.0558253137484511e-05,0.5,9.612433085775484,31.505132818913268
bootstrap_61,1e-08,0.9332410246976084,1000.0025341734531,303.4133615787167,1.0558210927130955e-05,0.5,9.612503092922186,29.43263143384151
bootstrap_62,1e-08,0.9332375163334059,1000.0,303.41233316688806,1.0558236460061365e-05,0.5,9.612461175273127,32.43297571013919
bootstrap_63,1e-08,0.9332375163334059,1000.0,303.41233316688806,1.0558236460061365e-05,0.5,9.612461175273127,31.74973996047048
bootstrap_64,1e-08,0.8761062790976009,1191.946260782931,284.5542847730402,1.0308186836170952e-05,0.5,10.02491318007013,28.999855654143612
bootstrap_65,1e-08,0.9333490789370199,1000.0069450364084,303.44846561199165,1.0558253137484511e-05,0.5,9.612433085775484,29.323446921930614
bootstrap_66,1e-08,0.9332375163334059,1000.0,303.41233316688806,1.0558236460061365e-05,0.5,9.612461175273127,29.070031182480076
bootstrap_67,1e-08,0.9332376123899118,1000.0001142067339,303.4123873655857,1.055823485026267e-05,0.5,9.61246376108934,28.69916865518148
bootstrap_68,1e-08,0.9332370243441571,1000.0000032299715,303.4121776132011,1.0558236222629666e-05,0.5,9.612461568052986,29.383479771953837
bootstrap_69,1e-08,0.9332241941020294,1000.0,303.4080230664424,1.055822911893688e-05,0.5,9.612473335458223,28.674138039981273
bootstrap_70,1e-08,0.8761062790976009,1191.946260782931,284.5542847730402,1.0308186836170952e-05,0.5,10.02491318007013,29.491029033609433
bootstrap_71,1e-08,0.8916245165528909,1166.7349628788766,289.55835376009657,1.0298792845572056e-05,0.5,10.039889539576505,27.26741367907532
bootstrap_72,1e-08,0.9332373954632185,1000.0003179211433,303.41231033865927,1.055823666664521e-05,0.5,9.612460844267332,31.085267794796888
bootstrap_73,1e-08,0.8916245165528909,1166.7349628788766,289.55835376009657,1.0298792845572056e-05,0.5,10.039889539576505,30.590012930623278
bootstrap_74,1e-08,0.9332375163334059,1000.0,303.41233316688806,1.0558236460061365e-05,0.5,9.612461175273127,30.099156512664923
bootstrap_75,1e-08,0.9332410246976084,1000.0025341734531,303.4133615787167,1.0558210927130955e-05,0.5,9.612503092922186,32.02513538826979
bootstrap_76,1e-08,0.8916248694141281,1166.7366573670838,289.5584912268605,1.0298793919849078e-05,0.5,10.039887790964892,28.28492838575704
bootstrap_77,1e-08,0.8761311531521956,1192.0070551482431,284.56324618452356,1.0308169463715466e-05,0.5,10.02494267296381,33.288649261090086
bootstrap_78,1e-08,0.935118778380663,1000.943607061532,304.03335795851734,1.0559635797664949e-05,0.5,9.61016207277048,30.26164003899403
bootstrap_79,1e-08,0.8916245165528909,1166.7349628788766,289.55835376009657,1.0298792845572056e-05,0.5,10.039889539576505,30.13399575915178
bootstrap_80,1e-08,0.9332375742836243,1000.0,303.4120229360503,1.05582401093446e-05,0.5,9.612455170723944,29.866457171861114
bootstrap_81,1e-08,0.8916245165528909,1166.7349628788766,289.55835376009657,1.0298792845572056e-05,0.5,10.039889539576505,29.59739407236577
bootstrap_82,1e-08,0.8916245165528909,1166.7349628788766,289.55835376009657,1.0298792845572056e-05,0.5,10.039889539576505,29.865974636809586
bootstrap_83,1e-08,0.9332375163334059,1000.0,303.41233316688806,1.0558236460061365e-05,0.5,9.612461175273127,30.865040417518937
bootstrap_84,1e-08,0.8916245165528909,1166.7349628788766,289.55835376009657,1.0298792845572056e-05,0.5,10.039889539576505,28.889290368154754
bootstrap_85,1e-08,0.8761062790976009,1191.946260782931,284.5542847730402,1.0308186836170952e-05,0.5,10.02491318007013,30.70977248628174
bootstrap_86,1e-08,0.8916245165528909,1166.7349628788766,289.55835376009657,1.0298792845572056e-05,0.5,10.039889539576505,29.259657850955435
bootstrap_87,1e-08,0.876106266685217,1191.9462841954623,284.5542811621784,1.0308186833924092e-05,0.5,10.024913184002067,30.08320472664294
bootstrap_88,1e-08,0.9332459329448632,1000.0006043647186,303.41471758719615,1.0558236264765693e-05,0.5,9.61246132342544,28.69766351901066
bootstrap_89,1e-08,0.8761062790976009,1191.946260782931,284.5542847730402,1.0308186836170952e-05,0.5,10.02491318007013,29.90578100155611
bootstrap_90,1e-08,0.9333490789370199,1000.0069450364084,303.44846561199165,1.0558253137484511e-05,0.5,9.612433085775484,32.000332411312634
bootstrap_91,1e-08,0.8916245165528909,1166.7349628788766,289.55835376009657,1.0298792845572056e-05,0.5,10.039889539576505,29.134594534918715
bootstrap_92,1e-08,0.8916245165528909,1166.7349628788766,289.55835376009657,1.0298792845572056e-05,0.5,10.039889539576505,29.888424042144223
bootstrap_93,1e-08,0.9332377750180763,1000.0000947834093,303.4123052169225,1.0558237271693846e-05,0.5,9.612459888823583,32.20872628511609
bootstrap_94,1e-08,0.8761311531521956,1192.0070551482431,284.56324618452356,1.0308169463715466e-05,0.5,10.02494267296381,29.772198801347272
bootstrap_95,1e-08,0.8761062790976009,1191.946260782931,284.5542847730402,1.0308186836170952e-05,0.5,10.02491318007013,33.417533334689466
bootstrap_96,1e-08,0.9332375163334059,1000.0,303.41233316688806,1.0558236460061365e-05,0.5,9.612461175273127,31.32381330311967
bootstrap_97,1e-08,0.9333490789370199,1000.0069450364084,303.44846561199165,1.0558253137484511e-05,0.5,9.612433085775484,29.299240965490586
bootstrap_98,1e-08,0.8916245165528909,1166.7349628788766,289.55835376009657,1.0298792845572056e-05,0.5,10.039889539576505,30.81486352790882
bootstrap_99,1e-08,0.8916245165528909,1166.7349628788766,289.55835376009657,1.0298792845572056e-05,0.5,10.039889539576505,30.27182611907148
bootstrap_100,1e-08,0.8916245165528909,1166.7349628788766,289.55835376009657,1.0298792845572056e-05,0.5,10.039889539576505,27.419129153697778
bootstrap_101,1e-08,0.9332410246976084,1000.0025341734531,303.4133615787167,1.0558210927130955e-05,0.5,9.612503092922186,28.9011767609346
bootstrap_102,1e-08,0.8916245165528909,1166.7349628788766,289.55835376009657,1.0298792845572056e-05,0.5,10.039889539576505,29.29597575527762
bootstrap_103,1e-08,0.8761062790976009,1191.946260782931,284.5542847730402,1.0308186836170952e-05,0.5,10.02491318007013,29.915774499433784
bootstrap_104,1e-08,0.9332375163334059,1000.0,303.41233316688806,1.0558236460061365e-05,0.5,9.612461175273127,28.820024460983298
bootstrap_105,1e-08,0.8916245165528909,1166.7349628788766,289.55835376009657,1.0298792845572056e-05,0.5,10.039889539576505,30.45944901094206
bootstrap_106,1e-08,0.8916245165528909,1166.7349628788766,289.55835376009657,1.0298792845572056e-05,0.5,10.039889539576505,29.02921388793149
bootstrap_107,1e-08,0.8916245165528909,1166.7349628788766,289.55835376009657,1.0298792845572056e-05,0.5,10.039889539576505,32.939891465180146
bootstrap_108,1e-08,0.8761307677218253,1191.8952648709037,284.561916472323,1.0308245430113724e-05,0.5,10.024816023808736,30.920018903192066
bootstrap_109,1e-08,0.9332410246976084,1000.0025341734531,303.4133615787167,1.0558210927130958e-05,0.5,9.612503092922186,29.974661926909437
bootstrap_110,1e-08,0.8916245165528909,1166.7349628788766,289.55835376009657,1.0298792845572056e-05,0.5,10.039889539576505,29.984571397034607
bootstrap_111,1e-08,0.9332370243441571,1000.0000032299715,303.4121776132011,1.0558236222629666e-05,0.5,9.612461568052986,27.106664442360156
bootstrap_112,1e-08,0.8761062790976009,1191.946260782931,284.5542847730402,1.0308186836170952e-05,0.5,10.02491318007013,30.225652920457076
bootstrap_113,1e-08,0.9332375163334059,1000.0,303.41233316688806,1.0558236460061365e-05,0.5,9.612461175273127,29.56766904362899
bootstrap_114,1e-08,0.8916245165528909,1166.7349628788766,289.55835376009657,1.0298792845572056e-05,0.5,10.039889539576505,28.772414003707073
bootstrap_115,1e-08,0.8916245165528909,1166.7349628788766,289.55835376009657,1.0298792845572056e-05,0.5,10.039889539576505,28.498718553163997
bootstrap_116,1e-08,0.9332370471186788,1000.0000066640214,303.4121737919714,1.0558236255427383e-05,0.5,9.612461517855461,29.119350458638
bootstrap_117,1e-08,0.9333490789370199,1000.0069450364084,303.44846561199165,1.0558253137484511e-05,0.5,9.612433085775484,29.19622870264609
bootstrap_118,1e-08,0.9332370471186788,1000.0000066640214,303.4121737919714,1.0558236255427383e-05,0.5,9.612461517855461,31.106290879816424
bootstrap_119,1e-08,0.9332410246976084,1000.0025341734531,303.4133615787167,1.0558210927130958e-05,0.5,9.612503092922186,30.481515222163623
bootstrap_120,1e-08,0.9332370471186788,1000.0000066640214,303.4121737919714,1.0558236255427383e-05,0.5,9.612461517855461,31.173865277764524
bootstrap_121,1e-08,0.9332376123899118,1000.0001142067339,303.4123873655857,1.055823485026267e-05,0.5,9.61246376108934,28.25939293009435
bootstrap_122,1e-08,0.9332375163334059,1000.0,303.41233316688806,1.0558236460061365e-05,0.5,9.612461175273127,30.417758716948914
bootstrap_123,1e-08,0.891624975126742,1166.7347070569363,289.5585118738346,1.0298793334100067e-05,0.5,10.039888738065525,30.99468078645312
bootstrap_124,1e-08,0.8916250438527016,1166.7349921633995,289.55853982884594,1.0298793096197225e-05,0.5,10.039889128831149,27.134381882053813
bootstrap_125,1e-08,0.8916242041675606,1166.735305161932,289.55824133226116,1.0298792426963708e-05,0.5,10.039890235769267,27.495667598449124
bootstrap_126,1e-08,0.8916245165528909,1166.7349628788766,289.55835376009657,1.0298792845572056e-05,0.5,10.039889539576505,30.470687627482455
bootstrap_127,1e-08,0.8916250438527016,1166.7349921633995,289.55853982884594,1.0298793096197225e-05,0.5,10.039889128831149,29.838148552602604
bootstrap_128,1e-08,0.8761062790976009,1191.946260782931,284.5542847730402,1.0308186836170952e-05,0.5,10.02491318007013,28.75296638450018
bootstrap_129,1e-08,0.8761062790976009,1191.946260782931,284.5542847730402,1.0308186836170952e-05,0.5,10.02491318007013,27.418866717511673
bootstrap_130,1e-08,0.876106266685217,1191.9462841954623,284.5542811621784,1.0308186833924092e-05,0.5,10.024913184002067,29.15879445584442
bootstrap_131,1e-08,1.457258768958435,47787.47801195607,468.18358902940514,1.0605443052751395e-05,0.4998824086660447,9.535519603246826,27.782806803637683
bootstrap_132,1e-08,0.8916245165528909,1166.7349628788766,289.55835376009657,1.0298792845572056e-05,0.5,10.039889539576505,31.06342568398005
bootstrap_133,1e-08,0.8761062751304891,1191.9462748357173,284.5542836416017,1.0308186829544806e-05,0.5,10.024913191212839,31.087902456555796
bootstrap_134,1e-08,0.8916242041675606,1166.735305161932,289.55824133226116,1.0298792426963708e-05,0.5,10.039890235769267,28.92113349114806
bootstrap_135,1e-08,0.9333490789370199,1000.0069450364084,303.44846561199165,1.0558253137484511e-05,0.5,9.612433085775484,28.79051688089586
bootstrap_136,1e-08,0.9332375163334059,1000.0,303.41233316688806,1.0558236460061365e-05,0.5,9.612461175273127,28.549226340276757
bootstrap_137,1e-08,0.8761062790976009,1191.946260782931,284.5542847730402,1.0308186836170952e-05,0.5,10.02491318007013,29.146587279374096
bootstrap_138,1e-08,0.8916245165528909,1166.7349628788766,289.55835376009657,1.0298792845572056e-05,0.5,10.039889539576505,30.420367128404035
bootstrap_139,1e-08,0.9368846446031207,1001.0362737562915,304.5150228695393,1.0557934016504948e-05,0.5,9.61290357870097,29.792904855632152
bootstrap_140,1e-08,0.8916248166966401,1166.7402464865017,289.55839689856015,1.0298796389097337e-05,0.5,10.039883828231588,29.637331000285872
bootstrap_141,1e-08,1.4572661942703413,47787.5368945356,468.18455741677417,1.0605428380492208e-05,0.4998824557049538,9.53554479907042,30.70163929822371
bootstrap_142,1e-08,0.8916248166966401,1166.7402464865017,289.55839689856015,1.0298796389097337e-05,0.5,10.039883828231588,28.11322450031812
bootstrap_143,1e-08,0.8916245165528909,1166.7349628788766,289.55835376009657,1.0298792845572056e-05,0.5,10.039889539576505,29.031898138700974
bootstrap_144,1e-08,0.8916245165528909,1166.7349628788766,289.55835376009657,1.0298792845572056e-05,0.5,10.039889539576505,29.817199428847964
bootstrap_145,1e-08,0.8916242041675606,1166.735305161932,289.55824133226116,1.0298792426963708e-05,0.5,10.039890235769267,31.384581518739417
bootstrap_146,1e-08,0.9332375742836243,1000.0,303.4120229360503,1.05582401093446e-05,0.5,9.612455170723944,29.9846030297363
bootstrap_147,1e-08,0.8761062790976009,1191.946260782931,284.5542847730402,1.0308186836170952e-05,0.5,10.02491318007013,30.360076665170723
bootstrap_148,1e-08,0.8916245165528909,1166.7349628788766,289.55835376009657,1.0298792845572056e-05,0.5,10.039889539576505,30.822969151554403
bootstrap_149,1e-08,0.8916245165528909,1166.7349628788766,289.55835376009657,1.0298792845572056e-05,0.5,10.039889539576505,29.64273163440753
bootstrap_150,1e-08,0.8761062790976009,1191.946260782931,284.5542847730402,1.0308186836170952e-05,0.5,10.02491318007013,28.72773545382302
bootstrap_151,1e-08,0.8916248694141281,1166.7366573670838,289.5584912268605,1.0298793919849078e-05,0.5,10.039887790964892,29.249027130429038
bootstrap_152,1e-08,0.9332375742836243,1000.0,303.4120229360503,1.05582401093446e-05,0.5,9.612455170723944,28.33423619916388
bootstrap_153,1e-08,0.9332398358898284,1000.0007408938739,303.41292404009175,1.0558237942467443e-05,0.5,9.612458692460713,29.577147890120532
bootstrap_154,1e-08,0.8916245165528909,1166.7349628788766,289.55835376009657,1.0298792845572056e-05,0.5,10.039889539576505,31.162557548989696
bootstrap_155,1e-08,0.9332375163334059,1000.0,303.41233316688806,1.0558236460061365e-05,0.5,9.612461175273127,28.204515047037997
bootstrap_156,1e-08,0.8916250438527016,1166.7349921633995,289.55853982884594,1.0298793096197225e-05,0.5,10.039889128831149,31.28329705508993
bootstrap_157,1e-08,0.9332375163334059,1000.0,303.41233316688806,1.0558236460061365e-05,0.5,9.612461175273127,28.383999477016996
bootstrap_158,1e-08,0.9332376123899118,1000.0001142067339,303.4123873655857,1.055823485026267e-05,0.5,9.61246376108934,30.134775092475653
bootstrap_159,1e-08,1.4572668288971449,47787.52257307345,468.1845690764054,1.0605428230890351e-05,0.4998824565370432,9.535545079235757,26.971573915301228
bootstrap_160,1e-08,0.8916245165528909,1166.7349628788766,289.55835376009657,1.0298792845572056e-05,0.5,10.039889539576505,31.15074561650032
bootstrap_161,1e-08,0.8761062790976009,1191.946260782931,284.5542847730402,1.0308186836170952e-05,0.5,10.02491318007013,30.31849306169494
bootstrap_162,1e-08,0.9333490789370199,1000.0069450364084,303.44846561199165,1.0558253137484511e-05,0.5,9.612433085775484,28.96270333874739
bootstrap_163,1e-08,0.9332375163334059,1000.0,303.41233316688806,1.0558236460061365e-05,0.5,9.612461175273127,29.013973457908317
bootstrap_164,1e-08,0.9332375163334059,1000.0,303.41233316688806,1.0558236460061365e-05,0.5,9.612461175273127,30.16340114884041
bootstrap_165,1e-08,0.8761311531521956,1192.0070551482431,284.56324618452356,1.0308169463715466e-05,0.5,10.02494267296381,30.951092325784515
bootstrap_166,1e-08,0.8916248166966401,1166.7402464865017,289.55839689856015,1.0298796389097337e-05,0.5,10.039883828231588,29.35560292025109
bootstrap_167,1e-08,0.8761062790976009,1191.946260782931,284.5542847730402,1.0308186836170952e-05,0.5,10.02491318007013,29.70434092945767
bootstrap_168,1e-08,0.8761062790976009,1191.946260782931,284.5542847730402,1.0308186836170952e-05,0.5,10.02491318007013,31.29816176480679
bootstrap_169,1e-08,0.8916245165528909,1166.7349628788766,289.55835376009657,1.0298792845572056e-05,0.5,10.039889539576505,29.862579803086014
bootstrap_170,1e-08,0.9332375163334059,1000.0,303.41233316688806,1.0558236460061365e-05,0.5,9.612461175273127,30.718107087107267
bootstrap_171,1e-08,0.876106266685217,1191.9462841954623,284.5542811621784,1.0308186833924092e-05,0.5,10.024913184002067,29.87469877211454
bootstrap_172,1e-08,0.9332410246976084,1000.0025341734531,303.4133615787167,1.0558210927130955e-05,0.5,9.612503092922186,30.329316525713633
bootstrap_173,1e-08,0.8916245165528909,1166.7349628788766,289.55835376009657,1.0298792845572056e-05,0.5,10.039889539576505,29.377576784787138
bootstrap_174,1e-08,0.8916245165528909,1166.7349628788766,289.55835376009657,1.0298792845572056e-05,0.5,10.039889539576505,29.850062786461763
bootstrap_175,1e-08,0.8916248166966401,1166.7402464865017,289.55839689856015,1.0298796389097337e-05,0.5,10.039883828231588,28.83044548797009
bootstrap_176,1e-08,0.8916242041675606,1166.735305161932,289.55824133226116,1.0298792426963708e-05,0.5,10.039890235769267,27.1572712982468
bootstrap_177,1e-08,0.9326742407694801,1000.0335009960052,303.22099266836796,1.0557879652855874e-05,0.5,9.613051104128282,27.836981559092713
bootstrap_178,1e-08,0.8916245165528909,1166.7349628788766,289.55835376009657,1.0298792845572056e-05,0.5,10.039889539576505,28.16105879994171
bootstrap_179,1e-08,0.8916242041675606,1166.735305161932,289.55824133226116,1.0298792426963708e-05,0.5,10.039890235769267,32.82230202126256
bootstrap_180,1e-08,0.8761311815473593,1192.0071026657006,284.56325523711456,1.0308169479848656e-05,0.5,10.024942648669427,29.530659378938775
bootstrap_181,1e-08,1.4572662308638082,47787.54282643736,468.1845526183097,1.0605428412423297e-05,0.4998824560459154,9.535544752379913,31.281519245017616
bootstrap_182,1e-08,0.9333490789370199,1000.0069450364084,303.44846561199165,1.0558253137484511e-05,0.5,9.612433085775484,30.400472412153377
bootstrap_183,1e-08,0.8916245165528909,1166.7349628788766,289.55835376009657,1.0298792845572056e-05,0.5,10.039889539576505,30.88968335105932
bootstrap_184,1e-08,0.8916245165528909,1166.7349628788766,289.55835376009657,1.0298792845572056e-05,0.5,10.039889539576505,30.497404424052075
bootstrap_185,1e-08,0.8916250438527016,1166.7349921633995,289.55853982884594,1.0298793096197225e-05,0.5,10.039889128831149,28.10283387431061
bootstrap_186,1e-08,0.9332375089458189,1000.0000001839026,303.41233545329754,1.0558236438519082e-05,0.5,9.612461210288679,29.382278997583175
bootstrap_187,1e-08,0.8916245165528909,1166.7349628788766,289.55835376009657,1.0298792845572056e-05,0.5,10.039889539576505,26.527931481247503
bootstrap_188,1e-08,0.8916245165528909,1166.7349628788766,289.55835376009657,1.0298792845572056e-05,0.5,10.039889539576505,30.6495808380424
bootstrap_189,1e-08,0.9332375742836243,1000.0,303.4120229360503,1.05582401093446e-05,0.5,9.612455170723944,32.34572859445832
bootstrap_190,1e-08,1.4987829323071429,47907.526561663726,458.820609274271,1.063520849140515e-05,0.49995322972978784,9.489395578614603,26.63525312839309
bootstrap_191,1e-08,0.87613118439722,1192.007091826338,284.5632568981185,1.0308169492945432e-05,0.5,10.024942625172693,30.571308070036427
bootstrap_192,1e-08,0.8916245165528909,1166.7349628788766,289.55835376009657,1.0298792845572056e-05,0.5,10.039889539576505,28.197223135807473
bootstrap_193,1e-08,0.8916242041675606,1166.735305161932,289.55824133226116,1.0298792426963708e-05,0.5,10.039890235769267,31.392703403115632
bootstrap_194,1e-08,0.8916245165528909,1166.7349628788766,289.55835376009657,1.0298792845572056e-05,0.5,10.039889539576505,29.533765499123586
bootstrap_195,1e-08,0.8761062790976009,1191.946260782931,284.5542847730402,1.0308186836170952e-05,0.5,10.02491318007013,29.465213590603838
bootstrap_196,1e-08,0.9332397802206068,1000.000007214491,303.4130676546049,1.0558237580763429e-05,0.5,9.612459294887085,31.173725672707928
bootstrap_197,1e-08,0.8916245165528909,1166.7349628788766,289.55835376009657,1.0298792845572056e-05,0.5,10.039889539576505,28.23801721695021
bootstrap_198,1e-08,0.9333490789370199,1000.0069450364084,303.44846561199165,1.0558253137484511e-05,0.5,9.612433085775484,30.446671169644663
bootstrap_199,1e-08,0.8916245165528909,1166.7349628788766,289.55835376009657,1.0298792845572056e-05,0.5,10.039889539576505,28.9997021136598
bootstrap_200,1e-08,0.9332376123899118,1000.0001142067339,303.4123873655857,1.055823485026267e-05,0.5,9.61246376108934,30.876065615860714
bootstrap_201,1e-08,0.8761339974991613,1191.896331977291,284.5630005029103,1.0308247536684237e-05,0.5,10.024812550015358,29.77094606340934
bootstrap_202,1e-08,0.8785885829404279,1195.5511937272627,285.74988945371274,1.032819512472304e-05,0.5,9.992262336366894,28.454096084504105
bootstrap_203,1e-08,0.8916245165528909,1166.7349628788766,289.55835376009657,1.0298792845572056e-05,0.5,10.039889539576505,30.243890764105178
bootstrap_204,1e-08,0.876106266685217,1191.9462841954623,284.5542811621784,1.0308186833924092e-05,0.5,10.024913184002067,31.541998045807603
bootstrap_205,1e-08,0.9332375163334059,1000.0,303.41233316688806,1.0558236460061365e-05,0.5,9.612461175273127,30.960049764418972
bootstrap_206,1e-08,0.8916248694141281,1166.7366573670838,289.5584912268605,1.0298793919849078e-05,0.5,10.039887790964892,30.42623054453071
bootstrap_207,1e-08,0.8916248166966401,1166.7402464865017,289.55839689856015,1.0298796389097337e-05,0.5,10.039883828231588,29.33818663973865
bootstrap_208,1e-08,0.9333490789370199,1000.0069450364084,303.44846561199165,1.0558253137484511e-05,0.5,9.612433085775484,31.24382576810887
bootstrap_209,1e-08,0.9333490789370199,1000.0069450364084,303.44846561199165,1.0558253137484511e-05,0.5,9.612433085775484,28.096434460029112
bootstrap_210,1e-08,0.8916245165528909,1166.7349628788766,289.55835376009657,1.0298792845572056e-05,0.5,10.039889539576505,29.440339175767363
bootstrap_211,1e-08,1.498782933458804,47907.52654662424,458.8206093242235,1.0635208491935461e-05,0.49995322972995204,9.489395577744709,32.24980603622952
bootstrap_212,1e-08,1.4572662430931262,47787.53884969977,468.18456435923906,1.0605428376678174e-05,0.49988245589305813,9.535544812127089,27.659566072790323
bootstrap_213,1e-08,0.8916245165528909,1166.7349628788766,289.55835376009657,1.0298792845572056e-05,0.5,10.039889539576505,30.06473495930414
bootstrap_214,1e-08,0.8916245165528909,1166.7349628788766,289.55835376009657,1.0298792845572056e-05,0.5,10.039889539576505,28.60645537083672
bootstrap_215,1e-08,0.9332375163334059,1000.0,303.41233316688806,1.0558236460061365e-05,0.5,9.612461175273127,31.285453994089927
bootstrap_216,1e-08,0.9332375163334059,1000.0,303.41233316688806,1.0558236460061365e-05,0.5,9.612461175273127,30.302370824476426
bootstrap_217,1e-08,0.8761062790976009,1191.946260782931,284.5542847730402,1.0308186836170952e-05,0.5,10.02491318007013,28.993015392864905
bootstrap_218,1e-08,0.8916245165528909,1166.7349628788766,289.55835376009657,1.0298792845572056e-05,0.5,10.039889539576505,29.956083004595573
bootstrap_219,1e-08,0.8916245165528909,1166.7349628788766,289.55835376009657,1.0298792845572056e-05,0.5,10.039889539576505,30.956252444391353
bootstrap_220,1e-08,0.9333490789370199,1000.0069450364084,303.44846561199165,1.0558253137484511e-05,0.5,9.612433085775484,29.085795435592143
bootstrap_221,1e-08,0.8761062790976009,1191.946260782931,284.5542847730402,1.0308186836170952e-05,0.5,10.02491318007013,30.10048876053832
bootstrap_222,1e-08,0.8916245165528909,1166.7349628788766,289.55835376009657,1.0298792845572056e-05,0.5,10.039889539576505,30.03899821705829
bootstrap_223,1e-08,0.8916250094823241,1166.7347935518833,289.5585236605598,1.0298793300554806e-05,0.5,10.039888793903511,32.07537907969395
bootstrap_224,1e-08,0.8761311815473593,1192.0071026657006,284.56325523711456,1.0308169479848656e-05,0.5,10.024942648669427,32.39853979187606
bootstrap_225,1e-08,0.9332398358898284,1000.0007408938739,303.41292404009175,1.0558237942467443e-05,0.5,9.612458692460713,30.910707941838613
bootstrap_226,1e-08,0.9332375163334059,1000.0,303.41233316688806,1.0558236460061365e-05,0.5,9.612461175273127,27.857035421828236
bootstrap_227,1e-08,0.8761062790976009,1191.946260782931,284.5542847730402,1.0308186836170952e-05,0.5,10.02491318007013,28.069693419559776
bootstrap_228,1e-08,0.9332375163334059,1000.0,303.41233316688806,1.0558236460061365e-05,0.5,9.612461175273127,29.639459454922054
bootstrap_229,1e-08,0.9332375163334059,1000.0,303.41233316688806,1.0558236460061365e-05,0.5,9.612461175273127,28.957924700158678
bootstrap_230,1e-08,0.9332375163334059,1000.0,303.41233316688806,1.0558236460061365e-05,0.5,9.612461175273127,32.51451583860925
bootstrap_231,1e-08,0.9332375163334059,1000.0,303.41233316688806,1.0558236460061365e-05,0.5,9.612461175273127,30.68371169955052
bootstrap_232,1e-08,0.8916245165528909,1166.7349628788766,289.55835376009657,1.0298792845572056e-05,0.5,10.039889539576505,30.90284000309903
bootstrap_233,1e-08,0.9332375163334059,1000.0,303.41233316688806,1.0558236460061365e-05,0.5,9.612461175273127,29.031197838009668
bootstrap_234,1e-08,0.8916245165528909,1166.7349628788766,289.55835376009657,1.0298792845572056e-05,0.5,10.039889539576505,28.425420432139706
bootstrap_235,1e-08,0.9333490789370199,1000.0069450364084,303.44846561199165,1.0558253137484511e-05,0.5,9.612433085775484,30.939322497229128
bootstrap_236,1e-08,0.87613118439722,1192.007091826338,284.5632568981185,1.0308169492945432e-05,0.5,10.024942625172693,32.257087429219446
bootstrap_237,1e-08,0.8916242041675606,1166.735305161932,289.55824133226116,1.0298792426963708e-05,0.5,10.039890235769267,31.36259663094776
bootstrap_238,1e-08,1.4572662878477698,47787.543153718216,468.1845767022396,1.0605428459022694e-05,0.4998824556929731,9.535544687391498,30.62038991771809
bootstrap_239,1e-08,1.4572654495056856,47787.50747884615,468.1845689599029,1.0605428012189273e-05,0.4998824554415945,9.535545389494741,29.273823159167243
bootstrap_240,1e-08,0.8916245165528909,1166.7349628788766,289.55835376009657,1.0298792845572056e-05,0.5,10.039889539576505,32.31596554093964
bootstrap_241,1e-08,0.8761311531521956,1192.0070551482431,284.56324618452356,1.0308169463715466e-05,0.5,10.02494267296381,28.236574876796322
bootstrap_242,1e-08,0.8916245165528909,1166.7349628788766,289.55835376009657,1.0298792845572056e-05,0.5,10.039889539576505,32.37239792361685
bootstrap_243,1e-08,0.9332375163334059,1000.0,303.41233316688806,1.0558236460061365e-05,0.5,9.612461175273127,27.720611187372178
bootstrap_244,1e-08,0.87613118439722,1192.007091826338,284.5632568981185,1.0308169492945432e-05,0.5,10.024942625172693,30.462419409878688
bootstrap_245,1e-08,1.4572674173464262,47787.571462580665,468.1845223191523,1.0605428787559974e-05,0.4998824567743215,9.535544165738598,29.500965615576384
bootstrap_246,1e-08,0.87613118439722,1192.007091826338,284.5632568981185,1.0308169492945432e-05,0.5,10.024942625172693,32.18979698148093
bootstrap_247,1e-08,0.9333490789370199,1000.0069450364084,303.44846561199165,1.0558253137484511e-05,0.5,9.612433085775484,30.07145054669201
bootstrap_248,1e-08,0.8761062790976009,1191.946260782931,284.5542847730402,1.0308186836170952e-05,0.5,10.02491318007013,29.033661459900756
bootstrap_249,1e-08,0.8761340148946215,1191.895997199288,284.56300100968093,1.0308247547525923e-05,0.5,10.024812528900792,26.97513467986171
bootstrap_250,1e-08,0.876106266685217,1191.9462841954623,284.5542811621784,1.0308186833924092e-05,0.5,10.024913184002067,28.439827479091793
bootstrap_251,1e-08,0.9332367602481593,1000.0038016467366,303.41206586406213,1.0558213636896042e-05,0.5,9.61249875754916,28.68616749779429
bootstrap_252,1e-08,0.9333490789370199,1000.0069450364084,303.44846561199165,1.0558253137484511e-05,0.5,9.612433085775484,31.246619030317508
bootstrap_253,1e-08,0.8916245165528909,1166.7349628788766,289.55835376009657,1.0298792845572056e-05,0.5,10.039889539576505,29.94933323721732
bootstrap_254,1e-08,0.9332375163334059,1000.0,303.41233316688806,1.0558236460061365e-05,0.5,9.612461175273127,31.047789275245496
bootstrap_255,1e-08,0.8916245165528909,1166.7349628788766,289.55835376009657,1.0298792845572056e-05,0.5,10.039889539576505,31.72778073581506
bootstrap_256,1e-08,0.9332375742836243,1000.0,303.4120229360503,1.05582401093446e-05,0.5,9.612455170723944,27.75308886532843
bootstrap_257,1e-08,0.8761062790976009,1191.946260782931,284.5542847730402,1.0308186836170952e-05,0.5,10.02491318007013,32.91196377737481
bootstrap_258,1e-08,0.8916245165528909,1166.7349628788766,289.55835376009657,1.0298792845572056e-05,0.5,10.039889539576505,31.571185845714318
bootstrap_259,1e-08,0.8916245165528909,1166.7349628788766,289.55835376009657,1.0298792845572056e-05,0.5,10.039889539576505,31.348610527026423
bootstrap_260,1e-08,1.4486112524424124,47914.267864741036,467.76661782021847,1.0608692152389102e-05,0.4998769120710815,9.529889392934901,29.619417742974235
bootstrap_261,1e-08,0.8761311531521956,1192.0070551482431,284.56324618452356,1.0308169463715466e-05,0.5,10.02494267296381,30.62711033992696
bootstrap_262,1e-08,1.457265061217937,47787.515353690134,468.1845874873195,1.0605427883662473e-05,0.4998824554978052,9.535545605000262,27.177505534028136
bootstrap_263,1e-08,0.8916242041675606,1166.735305161932,289.55824133226116,1.0298792426963708e-05,0.5,10.039890235769267,29.095165607561626
bootstrap_264,1e-08,0.8916245165528909,1166.7349628788766,289.55835376009657,1.0298792845572056e-05,0.5,10.039889539576505,30.46140083367356
bootstrap_265,1e-08,0.8761062628419194,1191.9463366309897,284.55428063412006,1.0308186879361023e-05,0.5,10.02491310884049,31.04576047868019
bootstrap_266,1e-08,0.8916242041675606,1166.735305161932,289.55824133226116,1.0298792426963708e-05,0.5,10.039890235769267,29.548328063341227
bootstrap_267,1e-08,0.9332410246976084,1000.0025341734531,303.4133615787167,1.0558210927130955e-05,0.5,9.612503092922186,32.925521356161795
bootstrap_268,1e-08,0.9332375163334059,1000.0,303.41233316688806,1.0558236460061365e-05,0.5,9.612461175273127,31.481523920657068
bootstrap_269,1e-08,0.8761311531521956,1192.0070551482431,284.56324618452356,1.0308169463715466e-05,0.5,10.02494267296381,26.963816846344393
bootstrap_270,1e-08,0.9333490789370199,1000.0069450364084,303.44846561199165,1.0558253137484511e-05,0.5,9.612433085775484,30.44952836100534
bootstrap_271,1e-08,0.8916245165528909,1166.7349628788766,289.55835376009657,1.0298792845572056e-05,0.5,10.039889539576505,27.741916520451134
bootstrap_272,1e-08,0.8916242041675606,1166.735305161932,289.55824133226116,1.0298792426963708e-05,0.5,10.039890235769267,30.576930762975742
bootstrap_273,1e-08,0.8761062790976009,1191.946260782931,284.5542847730402,1.0308186836170952e-05,0.5,10.02491318007013,30.182591171079157
bootstrap_274,1e-08,0.8916250094823241,1166.7347935518833,289.5585236605598,1.0298793300554806e-05,0.5,10.039888793903511,30.830278680762937
bootstrap_275,1e-08,0.8916242041675606,1166.735305161932,289.55824133226116,1.0298792426963708e-05,0.5,10.039890235769267,32.06678191781662
bootstrap_276,1e-08,0.8916245165528909,1166.7349628788766,289.55835376009657,1.0298792845572056e-05,0.5,10.039889539576505,29.384084706151555
bootstrap_277,1e-08,0.8916242041675606,1166.735305161932,289.55824133226116,1.0298792426963708e-05,0.5,10.039890235769267,28.978471681395135
bootstrap_278,1e-08,0.8916245165528909,1166.7349628788766,289.55835376009657,1.0298792845572056e-05,0.5,10.039889539576505,29.70516470730055
bootstrap_279,1e-08,0.8916245165528909,1166.7349628788766,289.55835376009657,1.0298792845572056e-05,0.5,10.039889539576505,29.92388657665067
bootstrap_280,1e-08,0.8761062790976009,1191.946260782931,284.5542847730402,1.0308186836170952e-05,0.5,10.02491318007013,29.807319254239758
bootstrap_281,1e-08,0.9332410115771821,1000.002532463304,303.4133597587163,1.0558210948004815e-05,0.5,9.612503055198907,30.823287217814187
bootstrap_282,1e-08,0.9332376123899118,1000.0001142067339,303.4123873655857,1.055823485026267e-05,0.5,9.61246376108934,29.945197203285222
bootstrap_283,1e-08,0.8916245165528909,1166.7349628788766,289.55835376009657,1.0298792845572056e-05,0.5,10.039889539576505,29.22769506850759
bootstrap_284,1e-08,0.9333490789370199,1000.0069450364084,303.44846561199165,1.0558253137484511e-05,0.5,9.612433085775484,30.505608171253048
bootstrap_285,1e-08,0.8916245165528909,1166.7349628788766,289.55835376009657,1.0298792845572056e-05,0.5,10.039889539576505,30.197780310485918
bootstrap_286,1e-08,0.9332374755010049,1000.0000177729711,303.4123225126972,1.055823653177519e-05,0.5,9.612461059399347,31.669347555865635
bootstrap_287,1e-08,0.9332375163334059,1000.0,303.41233316688806,1.0558236460061365e-05,0.5,9.612461175273127,29.191665666217794
bootstrap_288,1e-08,0.8916245165528909,1166.7349628788766,289.55835376009657,1.0298792845572056e-05,0.5,10.039889539576505,32.21984663949576
bootstrap_289,1e-08,0.8916245165528909,1166.7349628788766,289.55835376009657,1.0298792845572056e-05,0.5,10.039889539576505,30.97053869506458
bootstrap_290,1e-08,0.8916245165528909,1166.7349628788766,289.55835376009657,1.0298792845572056e-05,0.5,10.039889539576505,30.38798271259382
bootstrap_291,1e-08,0.8761062790976009,1191.946260782931,284.5542847730402,1.0308186836170952e-05,0.5,10.02491318007013,30.768131427277236
bootstrap_292,1e-08,0.9332410284650944,1000.0025317790187,303.4133612403615,1.05582110014668e-05,0.5,9.61250296867934,29.567299569180133
bootstrap_293,1e-08,0.9332410246976084,1000.0025341734531,303.4133615787167,1.0558210927130958e-05,0.5,9.612503092922186,30.02695579814844
bootstrap_294,1e-08,0.8916245165528909,1166.7349628788766,289.55835376009657,1.0298792845572056e-05,0.5,10.039889539576505,31.101382115430866
bootstrap_295,1e-08,0.8916245165528909,1166.7349628788766,289.55835376009657,1.0298792845572056e-05,0.5,10.039889539576505,28.453303351013403
bootstrap_296,1e-08,0.9332506718385267,1000.00021607779,303.41677178407605,1.0558246679056647e-05,0.5,9.612444337441888,31.5967299091987
bootstrap_297,1e-08,0.8761311531521956,1192.0070551482431,284.56324618452356,1.0308169463715466e-05,0.5,10.02494267296381,30.88069508069029
bootstrap_298,1e-08,0.9332375163334059,1000.0,303.41233316688806,1.0558236460061365e-05,0.5,9.612461175273127,29.87348780504663
bootstrap_299,1e-08,0.9332410246976084,1000.0025341734531,303.4133615787167,1.0558210927130958e-05,0.5,9.612503092922186,31.60182843553391
bootstrap_300,1e-08,0.8761062790976009,1191.946260782931,284.5542847730402,1.0308186836170952e-05,0.5,10.02491318007013,30.803672204861424
bootstrap_301,1e-08,0.8916245165528909,1166.7349628788766,289.55835376009657,1.0298792845572056e-05,0.5,10.039889539576505,30.573164817771175
bootstrap_302,1e-08,1.4572662104370129,47787.536357603996,468.18458587636763,1.0605428344549364e-05,0.4998824557970459,9.535544853258763,30.757068120333
bootstrap_303,1e-08,0.8916250438527016,1166.7349921633995,289.55853982884594,1.0298793096197225e-05,0.5,10.039889128831149,29.567645760156196
bootstrap_304,1e-08,0.9332375163334059,1000.0,303.41233316688806,1.0558236460061365e-05,0.5,9.612461175273127,31.32763037962792
bootstrap_305,1e-08,0.8916245165528909,1166.7349628788766,289.55835376009657,1.0298792845572056e-05,0.5,10.039889539576505,29.54428953699781
bootstrap_306,1e-08,0.8916245165528909,1166.7349628788766,289.55835376009657,1.0298792845572056e-05,0.5,10.039889539576505,29.386326647042946
bootstrap_307,1e-08,0.8916245165528909,1166.7349628788766,289.55835376009657,1.0298792845572056e-05,0.5,10.039889539576505,29.841154090954504
bootstrap_308,1e-08,0.8761062790976009,1191.946260782931,284.5542847730402,1.0308186836170952e-05,0.5,10.02491318007013,29.330196426606665
bootstrap_309,1e-08,0.8916245165528909,1166.7349628788766,289.55835376009657,1.0298792845572056e-05,0.5,10.039889539576505,28.88800583969858
bootstrap_310,1e-08,0.8916242041675606,1166.735305161932,289.55824133226116,1.0298792426963708e-05,0.5,10.039890235769267,29.571120108183507
bootstrap_311,1e-08,0.8916245165528909,1166.7349628788766,289.55835376009657,1.0298792845572056e-05,0.5,10.039889539576505,34.04692656450056
bootstrap_312,1e-08,0.9332375163334059,1000.0,303.41233316688806,1.0558236460061365e-05,0.5,9.612461175273127,30.90297258290181
bootstrap_313,1e-08,0.9332367602481593,1000.0038016467366,303.41206586406213,1.0558213636896042e-05,0.5,9.61249875754916,30.127962457866765
bootstrap_314,1e-08,1.4572662142783535,47787.53505541793,468.1845673508857,1.0605428313168166e-05,0.4998824558459932,9.535544916598854,31.704901887812763
bootstrap_315,1e-08,0.8916245165528909,1166.7349628788766,289.55835376009657,1.0298792845572056e-05,0.5,10.039889539576505,30.73172082992652
bootstrap_316,1e-08,0.8916245165528909,1166.7349628788766,289.55835376009657,1.0298792845572056e-05,0.5,10.039889539576505,30.39569416311379
bootstrap_317,1e-08,0.9332375163334059,1000.0,303.41233316688806,1.0558236460061365e-05,0.5,9.612461175273127,29.90679656454453
bootstrap_318,1e-08,0.876106266685217,1191.9462841954623,284.5542811621784,1.0308186833924092e-05,0.5,10.024913184002067,31.438575516158032
bootstrap_319,1e-08,0.9332373954632185,1000.0003179211433,303.41231033865927,1.055823666664521e-05,0.5,9.612460844267332,29.657787198647934
bootstrap_320,1e-08,0.9333490789370199,1000.0069450364084,303.44846561199165,1.0558253137484511e-05,0.5,9.612433085775484,29.980565318865768
bootstrap_321,1e-08,0.9332375163334059,1000.0,303.41233316688806,1.0558236460061365e-05,0.5,9.612461175273127,29.888116975133556
bootstrap_322,1e-08,0.8916245165528909,1166.7349628788766,289.55835376009657,1.0298792845572056e-05,0.5,10.039889539576505,30.19802897755355
bootstrap_323,1e-08,0.9332170579696095,1000.0030536176621,303.40554266892286,1.0558225220854561e-05,0.5,9.612479999858728,26.718856473343493
bootstrap_324,1e-08,1.4572662584370701,47787.53624460999,468.18459489829,1.0605428368892625e-05,0.4998824557845113,9.535544812938648,29.449478661232998
bootstrap_325,1e-08,0.8761311531521956,1192.0070551482431,284.56324618452356,1.0308169463715466e-05,0.5,10.02494267296381,30.976698362939295
bootstrap_326,1e-08,0.8761311531521956,1192.0070551482431,284.56324618452356,1.0308169463715466e-05,0.5,10.02494267296381,28.303437180909665
bootstrap_327,1e-08,0.8761062628419194,1191.9463366309897,284.55428063412006,1.0308186879361023e-05,0.5,10.02491310884049,31.3964339544265
bootstrap_328,1e-08,0.8916245165528909,1166.7349628788766,289.55835376009657,1.0298792845572056e-05,0.5,10.039889539576505,27.947499120246654
bootstrap_329,1e-08,0.8785885485242676,1195.548735341269,285.74982849929506,1.0328193881743996e-05,0.5,9.992264289717449,30.450549554094366
bootstrap_330,1e-08,0.876106266685217,1191.9462841954623,284.5542811621784,1.0308186833924092e-05,0.5,10.024913184002067,30.19422077699617
bootstrap_331,1e-08,0.9333490789370199,1000.0069450364084,303.44846561199165,1.0558253137484511e-05,0.5,9.612433085775484,30.442299121303126
bootstrap_332,1e-08,0.9332410115771821,1000.002532463304,303.4133597587163,1.0558210948004815e-05,0.5,9.612503055198907,30.674823595052523
bootstrap_333,1e-08,0.9326742407694801,1000.0335009960052,303.22099266836796,1.0557879652855874e-05,0.5,9.613051104128282,32.22872320844915
bootstrap_334,1e-08,0.8916245165528909,1166.7349628788766,289.55835376009657,1.0298792845572056e-05,0.5,10.039889539576505,31.833491206578646
bootstrap_335,1e-08,0.9332398358898284,1000.0007408938739,303.41292404009175,1.0558237942467443e-05,0.5,9.612458692460713,31.962045726582
bootstrap_336,1e-08,1.4572662597994006,47787.53864975723,468.18456318605314,1.0605428364298728e-05,0.4998824559136258,9.535544833654555,28.11380578024535
bootstrap_337,1e-08,0.8916242041675606,1166.735305161932,289.55824133226116,1.0298792426963708e-05,0.5,10.039890235769267,26.817344869106535
bootstrap_338,1e-08,0.9333490789370199,1000.0069450364084,303.44846561199165,1.0558253137484511e-05,0.5,9.612433085775484,28.32192151662741
bootstrap_339,1e-08,0.8916245165528909,1166.7349628788766,289.55835376009657,1.0298792845572056e-05,0.5,10.039889539576505,29.84884028574216
bootstrap_340,1e-08,0.8916250094823241,1166.7347935518833,289.5585236605598,1.0298793300554806e-05,0.5,10.039888793903511,31.608257942844073
bootstrap_341,1e-08,0.8916245165528909,1166.7349628788766,289.55835376009657,1.0298792845572056e-05,0.5,10.039889539576505,32.01048857240629
bootstrap_342,1e-08,0.9332375163334059,1000.0,303.41233316688806,1.0558236460061365e-05,0.5,9.612461175273127,27.498232081557298
bootstrap_343,1e-08,0.9332375163334059,1000.0,303.41233316688806,1.0558236460061365e-05,0.5,9.612461175273127,29.66216273118775
bootstrap_344,1e-08,0.9333490789370199,1000.0069450364084,303.44846561199165,1.0558253137484511e-05,0.5,9.612433085775484,30.751967599084256
bootstrap_345,1e-08,0.8761062790976009,1191.946260782931,284.5542847730402,1.0308186836170952e-05,0.5,10.02491318007013,29.879635911861254
bootstrap_346,1e-08,0.9333490789370199,1000.0069450364084,303.44846561199165,1.0558253137484511e-05,0.5,9.612433085775484,28.303885471729565
bootstrap_347,1e-08,0.8916250094823241,1166.7347935518833,289.5585236605598,1.0298793300554806e-05,0.5,10.039888793903511,28.629457607541536
bootstrap_348,1e-08,0.8916245165528909,1166.7349628788766,289.55835376009657,1.0298792845572056e-05,0.5,10.039889539576505,31.071546311800212
bootstrap_349,1e-08,0.8916245165528909,1166.7349628788766,289.55835376009657,1.0298792845572056e-05,0.5,10.039889539576505,28.850453511020596
bootstrap_350,1e-08,0.8761062790976009,1191.946260782931,284.5542847730402,1.0308186836170952e-05,0.5,10.02491318007013,32.07553699380784
bootstrap_351,1e-08,0.9333490789370199,1000.0069450364084,303.44846561199165,1.0558253137484511e-05,0.5,9.612433085775484,31.060971930646694
bootstrap_352,1e-08,0.9332375163334059,1000.0,303.41233316688806,1.0558236460061365e-05,0.5,9.612461175273127,31.598622811464065
bootstrap_353,1e-08,0.8916245165528909,1166.7349628788766,289.55835376009657,1.0298792845572056e-05,0.5,10.039889539576505,30.099319552685408
bootstrap_354,1e-08,0.8761062790976009,1191.946260782931,284.5542847730402,1.0308186836170952e-05,0.5,10.02491318007013,29.082112786616285
bootstrap_355,1e-08,0.8916250094823241,1166.7347935518833,289.5585236605598,1.0298793300554806e-05,0.5,10.039888793903511,30.655300045071673
bootstrap_356,1e-08,0.9332376123899118,1000.0001142067339,303.4123873655857,1.055823485026267e-05,0.5,9.61246376108934,27.7088906089603
bootstrap_357,1e-08,0.8761311531521956,1192.0070551482431,284.56324618452356,1.0308169463715466e-05,0.5,10.02494267296381,29.903899701696886
bootstrap_358,1e-08,0.876106266685217,1191.9462841954623,284.5542811621784,1.0308186833924092e-05,0.5,10.024913184002067,31.96796160235402
bootstrap_359,1e-08,0.9332375163334059,1000.0,303.41233316688806,1.0558236460061365e-05,0.5,9.612461175273127,28.238908214986164
bootstrap_360,1e-08,0.8761062790976009,1191.946260782931,284.5542847730402,1.0308186836170952e-05,0.5,10.02491318007013,31.410179299899838
bootstrap_361,1e-08,0.9333490789370199,1000.0069450364084,303.44846561199165,1.0558253137484511e-05,0.5,9.612433085775484,30.556004740484884
bootstrap_362,1e-08,0.8916245165528909,1166.7349628788766,289.55835376009657,1.0298792845572056e-05,0.5,10.039889539576505,29.020358435233064
bootstrap_363,1e-08,0.8916245165528909,1166.7349628788766,289.55835376009657,1.0298792845572056e-05,0.5,10.039889539576505,30.793884332006794
bootstrap_364,1e-08,1.4572662102630516,47787.53825592606,468.1845522533443,1.0605428315263947e-05,0.4998824559381817,9.535544915111917,30.67540990645987
bootstrap_365,1e-08,0.8916245165528909,1166.7349628788766,289.55835376009657,1.0298792845572056e-05,0.5,10.039889539576505,29.57221181902668
bootstrap_366,1e-08,0.8761062790976009,1191.946260782931,284.5542847730402,1.0308186836170952e-05,0.5,10.02491318007013,32.03541100248858
bootstrap_367,1e-08,0.8761311531521956,1192.0070551482431,284.56324618452356,1.0308169463715466e-05,0.5,10.02494267296381,30.931471473134792
bootstrap_368,1e-08,0.8916245165528909,1166.7349628788766,289.55835376009657,1.0298792845572056e-05,0.5,10.039889539576505,29.184394882728007
bootstrap_369,1e-08,0.8761311531521956,1192.0070551482431,284.56324618452356,1.0308169463715466e-05,0.5,10.02494267296381,29.602204902949673
bootstrap_370,1e-08,0.9332375163334059,1000.0,303.41233316688806,1.0558236460061365e-05,0.5,9.612461175273127,29.771898689682633
bootstrap_371,1e-08,0.9332375163334059,1000.0,303.41233316688806,1.0558236460061365e-05,0.5,9.612461175273127,30.806742546032435
bootstrap_372,1e-08,0.9333490789370199,1000.0069450364084,303.44846561199165,1.0558253137484511e-05,0.5,9.612433085775484,28.13836119120969
bootstrap_373,1e-08,0.8916242041675606,1166.735305161932,289.55824133226116,1.0298792426963708e-05,0.5,10.039890235769267,28.657155765299095
bootstrap_374,1e-08,0.8916245165528909,1166.7349628788766,289.55835376009657,1.0298792845572056e-05,0.5,10.039889539576505,29.385483397187244
bootstrap_375,1e-08,0.8761062790976009,1191.946260782931,284.5542847730402,1.0308186836170952e-05,0.5,10.02491318007013,30.60324215058165
bootstrap_376,1e-08,0.9332382883983752,1000.0001508481173,303.41259529614786,1.055823718340292e-05,0.5,9.612459988320971,29.7224021550803
bootstrap_377,1e-08,0.8916245165528909,1166.7349628788766,289.55835376009657,1.0298792845572056e-05,0.5,10.039889539576505,30.679654122600642
bootstrap_378,1e-08,0.8761062790976009,1191.946260782931,284.5542847730402,1.0308186836170952e-05,0.5,10.02491318007013,28.658077348610774
bootstrap_379,1e-08,0.8916245165528909,1166.7349628788766,289.55835376009657,1.0298792845572056e-05,0.5,10.039889539576505,31.38517097802197
bootstrap_380,1e-08,0.8916245165528909,1166.7349628788766,289.55835376009657,1.0298792845572056e-05,0.5,10.039889539576505,29.032514971675724
bootstrap_381,1e-08,0.9332375163334059,1000.0,303.41233316688806,1.0558236460061365e-05,0.5,9.612461175273127,33.352838524028606
bootstrap_382,1e-08,0.8916245165528909,1166.7349628788766,289.55835376009657,1.0298792845572056e-05,0.5,10.039889539576505,31.223430942730484
bootstrap_383,1e-08,0.9332398358898284,1000.0007408938739,303.41292404009175,1.0558237942467443e-05,0.5,9.612458692460713,29.158297115628475
bootstrap_384,1e-08,0.8916245165528909,1166.7349628788766,289.55835376009657,1.0298792845572056e-05,0.5,10.039889539576505,32.24414712292859
bootstrap_385,1e-08,0.9332403836660781,1000.0,303.413304415037,1.0558238817349315e-05,0.5,9.612457233109208,29.668507018804014
bootstrap_386,1e-08,1.45726640633341,47787.52843006541,468.18455982846393,1.0605428421519809e-05,0.49988245561260247,9.535544729694191,31.13717514882696
bootstrap_387,1e-08,0.8761062790976009,1191.946260782931,284.5542847730402,1.0308186836170952e-05,0.5,10.02491318007013,27.594844085010596
bootstrap_388,1e-08,0.9332410246976084,1000.0025341734531,303.4133615787167,1.0558210927130958e-05,0.5,9.612503092922186,32.30533188701537
bootstrap_389,1e-08,0.876106266685217,1191.9462841954623,284.5542811621784,1.0308186833924092e-05,0.5,10.024913184002067,30.55056438363286
bootstrap_390,1e-08,0.8916245165528909,1166.7349628788766,289.55835376009657,1.0298792845572056e-05,0.5,10.039889539576505,30.98072817128319
bootstrap_391,1e-08,0.8916245165528909,1166.7349628788766,289.55835376009657,1.0298792845572056e-05,0.5,10.039889539576505,30.098541394221897
bootstrap_392,1e-08,0.9332375163334059,1000.0,303.41233316688806,1.0558236460061365e-05,0.5,9.612461175273127,30.289598499226138
bootstrap_393,1e-08,0.9332375163334059,1000.0,303.41233316688806,1.0558236460061365e-05,0.5,9.612461175273127,27.20810655125449
bootstrap_394,1e-08,0.8916242041675606,1166.735305161932,289.55824133226116,1.0298792426963708e-05,0.5,10.039890235769267,30.046417745048544
bootstrap_395,1e-08,1.4987829323071429,47907.526561663726,458.820609274271,1.063520849140515e-05,0.49995322972978784,9.489395578614603,27.962383955704727
bootstrap_396,1e-08,0.8916245165528909,1166.7349628788766,289.55835376009657,1.0298792845572056e-05,0.5,10.039889539576505,28.74305805248636
bootstrap_397,1e-08,0.8916250438527016,1166.7349921633995,289.55853982884594,1.0298793096197225e-05,0.5,10.039889128831149,29.008965060183847
bootstrap_398,1e-08,0.9332375742836243,1000.0,303.4120229360503,1.05582401093446e-05,0.5,9.612455170723944,29.3718699235579
bootstrap_399,1e-08,0.9332375742836243,1000.0,303.4120229360503,1.05582401093446e-05,0.5,9.612455170723944,30.490772561752856
bootstrap_400,1e-08,0.9332375032444813,1000.0000059428032,303.41233346864215,1.0558236366318102e-05,0.5,9.61246133434065,27.90709458231497
bootstrap_401,1e-08,0.8761062790976009,1191.946260782931,284.5542847730402,1.0308186836170952e-05,0.5,10.02491318007013,31.235730433179103
bootstrap_402,1e-08,0.9332375163334059,1000.0,303.41233316688806,1.0558236460061365e-05,0.5,9.612461175273127,28.986522341412098
bootstrap_403,1e-08,0.8916245165528909,1166.7349628788766,289.55835376009657,1.0298792845572056e-05,0.5,10.039889539576505,29.649335436851523
bootstrap_404,1e-08,0.8916245165528909,1166.7349628788766,289.55835376009657,1.0298792845572056e-05,0.5,10.039889539576505,28.090436958782366
bootstrap_405,1e-08,0.9334877757596114,1000.0582985294557,303.49854610267573,1.0558447560271802e-05,0.5,9.612114946297545,32.516681276761396
bootstrap_406,1e-08,0.9332375742836243,1000.0,303.4120229360503,1.05582401093446e-05,0.5,9.612455170723944,30.165805797717027
bootstrap_407,1e-08,1.4572659412750264,47787.53260324464,468.18457369723296,1.0605428214309126e-05,0.49988245564868566,9.535545070218912,30.04624734752425
bootstrap_408,1e-08,0.8916245165528909,1166.7349628788766,289.55835376009657,1.0298792845572056e-05,0.5,10.039889539576505,28.30610644127364
bootstrap_409,1e-08,0.9332373358139034,1000.0000330497006,303.4122697175718,1.0558236354272359e-05,0.5,9.612461349485944,31.45698635878761
bootstrap_410,1e-08,0.8761062790976009,1191.946260782931,284.5542847730402,1.0308186836170952e-05,0.5,10.02491318007013,28.984626894272772
bootstrap_411,1e-08,0.8916245165528909,1166.7349628788766,289.55835376009657,1.0298792845572056e-05,0.5,10.039889539576505,30.654676682759607
bootstrap_412,1e-08,0.9332375032444813,1000.0000059428032,303.41233346864215,1.0558236366318102e-05,0.5,9.61246133434065,30.446988579785454
bootstrap_413,1e-08,0.8916245165528909,1166.7349628788766,289.55835376009657,1.0298792845572056e-05,0.5,10.039889539576505,30.609746238136992
bootstrap_414,1e-08,0.8785885610568016,1195.5486359836827,285.7498304569712,1.0328193857816359e-05,0.5,9.992264325730483,32.188854252316794
bootstrap_415,1e-08,0.8916245165528909,1166.7349628788766,289.55835376009657,1.0298792845572056e-05,0.5,10.039889539576505,31.092611177397533
bootstrap_416,1e-08,0.9332410246976084,1000.0025341734531,303.4133615787167,1.0558210927130955e-05,0.5,9.612503092922186,30.93461829384285
bootstrap_417,1e-08,0.8761311531521956,1192.0070551482431,284.56324618452356,1.0308169463715466e-05,0.5,10.02494267296381,29.472287894605326
bootstrap_418,1e-08,0.8916245165528909,1166.7349628788766,289.55835376009657,1.0298792845572056e-05,0.5,10.039889539576505,30.329142475225108
bootstrap_419,1e-08,0.8916245165528909,1166.7349628788766,289.55835376009657,1.0298792845572056e-05,0.5,10.039889539576505,30.393921668652084
bootstrap_420,1e-08,0.8916245165528909,1166.7349628788766,289.55835376009657,1.0298792845572056e-05,0.5,10.039889539576505,31.441174939022645
bootstrap_421,1e-08,0.9332398358898284,1000.0007408938739,303.41292404009175,1.0558237942467443e-05,0.5,9.612458692460713,28.50268635594556
bootstrap_422,1e-08,0.9332497886121929,1000.0023893192335,303.4165723624115,1.0558244898456223e-05,0.5,9.612447258574413,28.952030491489037
bootstrap_423,1e-08,0.8916251925489159,1166.7356644594995,289.55856359984153,1.029879244499465e-05,0.5,10.039890211305373,27.73794398890419
bootstrap_424,1e-08,0.9332367602481593,1000.0038016467366,303.41206586406213,1.0558213636896042e-05,0.5,9.61249875754916,28.88341034122657
bootstrap_425,1e-08,0.8916245165528909,1166.7349628788766,289.55835376009657,1.0298792845572056e-05,0.5,10.039889539576505,30.158954392374245
bootstrap_426,1e-08,0.8916245165528909,1166.7349628788766,289.55835376009657,1.0298792845572056e-05,0.5,10.039889539576505,30.610038417703482
bootstrap_427,1e-08,1.457265759384716,47787.53038471271,468.18456278300374,1.0605428255040201e-05,0.4998824555573619,9.535545005661335,30.555201640447386
bootstrap_428,1e-08,0.9332375742836243,1000.0,303.4120229360503,1.05582401093446e-05,0.5,9.612455170723944,30.814102400026893
bootstrap_429,1e-08,0.8916245165528909,1166.7349628788766,289.55835376009657,1.0298792845572056e-05,0.5,10.039889539576505,28.86482801089984
bootstrap_430,1e-08,0.8916245165528909,1166.7349628788766,289.55835376009657,1.0298792845572056e-05,0.5,10.039889539576505,30.99027427037244
bootstrap_431,1e-08,0.9332375163334059,1000.0,303.41233316688806,1.0558236460061365e-05,0.5,9.612461175273127,30.727915973253822
bootstrap_432,1e-08,0.8916245165528909,1166.7349628788766,289.55835376009657,1.0298792845572056e-05,0.5,10.039889539576505,29.549789115260932
bootstrap_433,1e-08,0.8916242041675606,1166.735305161932,289.55824133226116,1.0298792426963708e-05,0.5,10.039890235769267,30.088796891236854
bootstrap_434,1e-08,0.8916242041675606,1166.735305161932,289.55824133226116,1.0298792426963708e-05,0.5,10.039890235769267,30.39059144616192
bootstrap_435,1e-08,0.8916250094823241,1166.7347935518833,289.5585236605598,1.0298793300554806e-05,0.5,10.039888793903511,30.698128954006194
bootstrap_436,1e-08,0.9333490789370199,1000.0069450364084,303.44846561199165,1.0558253137484511e-05,0.5,9.612433085775484,33.83364944167767
bootstrap_437,1e-08,0.8916245165528909,1166.7349628788766,289.55835376009657,1.0298792845572056e-05,0.5,10.039889539576505,29.763012681785135
bootstrap_438,1e-08,0.8761307677218253,1191.8952648709037,284.561916472323,1.0308245430113724e-05,0.5,10.024816023808736,30.607871198162698
bootstrap_439,1e-08,1.457266687789795,47787.546220175675,468.18457825891846,1.060542848303103e-05,0.49988245611613025,9.53554464399325,29.138996849267357
bootstrap_440,1e-08,0.8916248863208696,1166.7345434680474,289.5585025669036,1.0298793548322382e-05,0.5,10.039888365995235,30.078516856554295
bootstrap_441,1e-08,0.8916245165528909,1166.7349628788766,289.55835376009657,1.0298792845572056e-05,0.5,10.039889539576505,28.443206964003483
bootstrap_442,1e-08,0.9332375163334059,1000.0,303.41233316688806,1.0558236460061365e-05,0.5,9.612461175273127,32.3765556317939
bootstrap_443,1e-08,0.8761311815473593,1192.0071026657006,284.56325523711456,1.0308169479848656e-05,0.5,10.024942648669427,28.711805786655802
bootstrap_444,1e-08,1.4572657674981309,47787.54553622148,468.1845517258073,1.0605428613101345e-05,0.49988245569680934,9.5355444041836,26.25528606234772
bootstrap_445,1e-08,1.457265541537589,47787.534676287556,468.1844731435285,1.0605427962143863e-05,0.4998824560062529,9.535545499561493,28.77264886305954
bootstrap_446,1e-08,0.9332410115771821,1000.002532463304,303.4133597587163,1.0558210948004815e-05,0.5,9.612503055198907,30.770232983418875
bootstrap_447,1e-08,1.4572659970270463,47787.53417217322,468.1845559220733,1.0605428328693e-05,0.4998824556147172,9.535544886025964,25.50522016340968
bootstrap_448,1e-08,0.9332375181142523,1000.0,303.41233851028016,1.0558236296896424e-05,0.5,9.612461445256752,31.143577524648688
bootstrap_449,1e-08,0.8916245165528909,1166.7349628788766,289.55835376009657,1.0298792845572056e-05,0.5,10.039889539576505,27.709111954018155
bootstrap_450,1e-08,0.8916248863208696,1166.7345434680474,289.5585025669036,1.0298793548322382e-05,0.5,10.039888365995235,30.62304780456057
bootstrap_451,1e-08,0.8916245165528909,1166.7349628788766,289.55835376009657,1.0298792845572056e-05,0.5,10.039889539576505,28.76914478397493
bootstrap_452,1e-08,0.9332410246976084,1000.0025341734531,303.4133615787167,1.0558210927130958e-05,0.5,9.612503092922186,28.510423410327576
bootstrap_453,1e-08,0.9326742407694801,1000.0335009960052,303.22099266836796,1.0557879652855874e-05,0.5,9.613051104128282,30.723171289692115
bootstrap_454,1e-08,0.8916250094823241,1166.7347935518833,289.5585236605598,1.0298793300554806e-05,0.5,10.039888793903511,27.069630699396534
bootstrap_455,1e-08,0.933241002489517,1000.0025232370344,303.41335919027966,1.0558211034767565e-05,0.5,9.612502916071946,30.71204478085282
bootstrap_456,1e-08,0.9332410246976084,1000.0025341734531,303.4133615787167,1.0558210927130955e-05,0.5,9.612503092922186,33.74604845132592
bootstrap_457,1e-08,0.8916245165528909,1166.7349628788766,289.55835376009657,1.0298792845572056e-05,0.5,10.039889539576505,30.06386144006741
bootstrap_458,1e-08,0.8916248694141281,1166.7366573670838,289.5584912268605,1.0298793919849078e-05,0.5,10.039887790964892,30.822798259926163
bootstrap_459,1e-08,0.876130764919627,1191.8957208155473,284.56190601487924,1.0308244964448249e-05,0.5,10.024816793570125,27.542117913619457
bootstrap_460,1e-08,0.8916245165528909,1166.7349628788766,289.55835376009657,1.0298792845572056e-05,0.5,10.039889539576505,31.673219810157136
bootstrap_461,1e-08,0.8916245165528909,1166.7349628788766,289.55835376009657,1.0298792845572056e-05,0.5,10.039889539576505,32.07243592454433
bootstrap_462,1e-08,0.8916245165528909,1166.7349628788766,289.55835376009657,1.0298792845572056e-05,0.5,10.039889539576505,31.271195900622267
bootstrap_463,1e-08,0.9332410246976084,1000.0025341734531,303.4133615787167,1.0558210927130955e-05,0.5,9.612503092922186,28.55589438016293
bootstrap_464,1e-08,0.9332375634229275,1000.0000003330769,303.4123412743281,1.055823623684851e-05,0.5,9.612461536603664,30.533767743034158
bootstrap_465,1e-08,0.8785899369502828,1195.545450806708,285.75012605969994,1.0328189002826604e-05,0.5,9.992272165661149,27.11021618669724
bootstrap_466,1e-08,0.9332403836660781,1000.0,303.413304415037,1.0558238817349315e-05,0.5,9.612457233109208,31.521831668393524
bootstrap_467,1e-08,0.8761062790976009,1191.946260782931,284.5542847730402,1.0308186836170952e-05,0.5,10.02491318007013,30.95664025523757
bootstrap_468,1e-08,1.4572662120607303,47787.5388379122,468.1845539015968,1.0605428342938658e-05,0.49988245592051966,9.535544870244467,28.820466675364447
bootstrap_469,1e-08,0.8916245165528909,1166.7349628788766,289.55835376009657,1.0298792845572056e-05,0.5,10.039889539576505,30.92822922252846
bootstrap_470,1e-08,0.9332375742836243,1000.0,303.4120229360503,1.05582401093446e-05,0.5,9.612455170723944,26.605344590433337
bootstrap_471,1e-08,0.9332370471186788,1000.0000066640214,303.4121737919714,1.0558236255427383e-05,0.5,9.612461517855461,27.057024114681862
bootstrap_472,1e-08,0.9333490789370199,1000.0069450364084,303.44846561199165,1.0558253137484511e-05,0.5,9.612433085775484,30.39839208759353
bootstrap_473,1e-08,0.8761311884189178,1192.007028330875,284.56325776353094,1.0308169513929647e-05,0.5,10.024942590079284,28.537385108135258
bootstrap_474,1e-08,0.876106266685217,1191.9462841954623,284.5542811621784,1.0308186833924092e-05,0.5,10.024913184002067,31.22536221412488
bootstrap_475,1e-08,0.8916250438527016,1166.7349921633995,289.55853982884594,1.0298793096197225e-05,0.5,10.039889128831149,29.3867087066723
bootstrap_476,1e-08,1.4572665464784622,47787.53877988415,468.18458342174404,1.0605428418898872e-05,0.49988245601889914,9.53554474922883,28.171948156673448
bootstrap_477,1e-08,0.8916245165528909,1166.7349628788766,289.55835376009657,1.0298792845572056e-05,0.5,10.039889539576505,32.14082634256751
bootstrap_478,1e-08,1.4987829323071429,47907.526561663726,458.820609274271,1.063520849140515e-05,0.49995322972978784,9.489395578614603,29.0908524687595
bootstrap_479,1e-08,0.8916245165528909,1166.7349628788766,289.55835376009657,1.0298792845572056e-05,0.5,10.039889539576505,29.058824140289104
bootstrap_480,1e-08,0.8761062790976009,1191.946260782931,284.5542847730402,1.0308186836170952e-05,0.5,10.02491318007013,29.807651040302137
bootstrap_481,1e-08,0.8761062790976009,1191.946260782931,284.5542847730402,1.0308186836170952e-05,0.5,10.02491318007013,30.375877149914658
bootstrap_482,1e-08,0.8916245165528909,1166.7349628788766,289.55835376009657,1.0298792845572056e-05,0.5,10.039889539576505,30.14561079192313
bootstrap_483,1e-08,0.9332375163334059,1000.0,303.41233316688806,1.0558236460061365e-05,0.5,9.612461175273127,33.115799414317586
bootstrap_484,1e-08,0.8916245165528909,1166.7349628788766,289.55835376009657,1.0298792845572056e-05,0.5,10.039889539576505,30.387469419524287
bootstrap_485,1e-08,0.8916245165528909,1166.7349628788766,289.55835376009657,1.0298792845572056e-05,0.5,10.039889539576505,30.963310960025275
bootstrap_486,1e-08,0.935118778380663,1000.943607061532,304.03335795851734,1.0559635797664949e-05,0.5,9.61016207277048,29.94080038375992
bootstrap_487,1e-08,0.8916245165528909,1166.7349628788766,289.55835376009657,1.0298792845572056e-05,0.5,10.039889539576505,32.181717089501724
bootstrap_488,1e-08,0.8916250094823241,1166.7347935518833,289.5585236605598,1.0298793300554806e-05,0.5,10.039888793903511,27.370563924169044
bootstrap_489,1e-08,0.8916245165528909,1166.7349628788766,289.55835376009657,1.0298792845572056e-05,0.5,10.039889539576505,28.201605870530447
bootstrap_490,1e-08,0.9332375163334059,1000.0,303.41233316688806,1.0558236460061365e-05,0.5,9.612461175273127,30.52639350106425
bootstrap_491,1e-08,0.876106266685217,1191.9462841954623,284.5542811621784,1.0308186833924092e-05,0.5,10.024913184002067,27.907591756284834
bootstrap_492,1e-08,0.8761340148946215,1191.895997199288,284.56300100968093,1.0308247547525923e-05,0.5,10.024812528900792,30.158254359863562
bootstrap_493,1e-08,0.9332410284650944,1000.0025317790187,303.4133612403615,1.0558211001466802e-05,0.5,9.61250296867934,30.81791885617636
bootstrap_494,1e-08,1.457266245629098,47787.539463749956,468.18455225198784,1.0605428344507077e-05,0.49988245597163516,9.535544867504065,28.82523620709111
bootstrap_495,1e-08,1.3263915588337505,32679.653315527205,275.61471814661195,1.0375546519667957e-05,0.498506400268789,9.903901262471773,30.152241232325572
bootstrap_496,1e-08,0.9332370471186788,1000.0000066640214,303.4121737919714,1.0558236255427383e-05,0.5,9.612461517855461,29.808983513838083
bootstrap_497,1e-08,0.8761308269139687,1191.8955977567916,284.561928941287,1.0308245052052435e-05,0.5,10.0248166500211,33.08247551001018
bootstrap_498,1e-08,0.9332380031128564,1000.0000649774006,303.41250267899363,1.0558236879658266e-05,0.5,9.612460482793383,29.155261096119876
bootstrap_499,1e-08,0.9332375163334059,1000.0,303.41233316688806,1.0558236460061365e-05,0.5,9.612461175273127,28.382773015938568
bootstrap_500,1e-08,0.8916245165528909,1166.7349628788766,289.55835376009657,1.0298792845572056e-05,0.5,10.039889539576505,28.76004666155803
bootstrap_501,1e-08,0.8761062790976009,1191.946260782931,284.5542847730402,1.0308186836170952e-05,0.5,10.02491318007013,31.560438690017502
bootstrap_502,1e-08,0.8916245165528909,1166.7349628788766,289.55835376009657,1.0298792845572056e-05,0.5,10.039889539576505,29.122460969548683
bootstrap_503,1e-08,1.4572662318997371,47787.54283046101,468.1845524911268,1.060542841325132e-05,0.4998824560440257,9.535544750963087,27.75678400665817
bootstrap_504,1e-08,0.9332375773861232,1000.0000031607328,303.4123384719679,1.0558236350293394e-05,0.5,9.612461348511665,29.607039982699202
bootstrap_505,1e-08,1.457265759384716,47787.53038471271,468.18456278300374,1.0605428255040201e-05,0.4998824555573619,9.535545005661335,28.684013653268252
bootstrap_506,1e-08,0.9332398358898284,1000.0007408938739,303.41292404009175,1.0558237942467443e-05,0.5,9.612458692460713,31.670568936435107
bootstrap_507,1e-08,0.8916245165528909,1166.7349628788766,289.55835376009657,1.0298792845572056e-05,0.5,10.039889539576505,30.020196350797136
bootstrap_508,1e-08,1.4572667007318334,47787.54601485096,468.1845827476228,1.060542848948578e-05,0.49988245610549553,9.535544633682317,27.404400610157197
bootstrap_509,1e-08,0.8916245165528909,1166.7349628788766,289.55835376009657,1.0298792845572056e-05,0.5,10.039889539576505,28.195987450739985
bootstrap_510,1e-08,0.8916245165528909,1166.7349628788766,289.55835376009657,1.0298792845572056e-05,0.5,10.039889539576505,29.680465955527726
bootstrap_511,1e-08,0.8916245165528909,1166.7349628788766,289.55835376009657,1.0298792845572056e-05,0.5,10.039889539576505,31.89245915653979
bootstrap_512,1e-08,1.4572660191540485,47787.52891325409,468.18457774327754,1.0605428131608976e-05,0.4998824560046943,9.53554521221531,29.505823940358848
bootstrap_513,1e-08,1.4572662584370701,47787.53624460999,468.18459489829,1.0605428368892625e-05,0.4998824557845113,9.535544812938648,30.79599345850916
bootstrap_514,1e-08,0.9344251851522906,1000.3959389830864,303.799342191189,1.0559012278918515e-05,0.5,9.61119009428499,32.89378831146194
bootstrap_515,1e-08,0.9332375163334059,1000.0,303.41233316688806,1.0558236460061365e-05,0.5,9.612461175273127,32.31303419022071
bootstrap_516,1e-08,0.8916248166966401,1166.7402464865017,289.55839689856015,1.0298796389097337e-05,0.5,10.039883828231588,29.048119504268367
bootstrap_517,1e-08,0.8916245165528909,1166.7349628788766,289.55835376009657,1.0298792845572056e-05,0.5,10.039889539576505,31.29314810253605
bootstrap_518,1e-08,1.4572661473901287,47787.541862103346,468.1845553416896,1.060542840885441e-05,0.4998824559128395,9.535544754841364,28.16641493511711
bootstrap_519,1e-08,0.8916245165528909,1166.7349628788766,289.55835376009657,1.0298792845572056e-05,0.5,10.039889539576505,27.940112577501342
bootstrap_520,1e-08,0.8916245165528909,1166.7349628788766,289.55835376009657,1.0298792845572056e-05,0.5,10.039889539576505,29.628259499664292
bootstrap_521,1e-08,1.457266899926552,47787.523862824004,468.1845679699037,1.0605428259628538e-05,0.49988245654384744,9.535545031903546,28.958403841664758
bootstrap_522,1e-08,1.4572588002626685,47787.477986919854,468.1835939064712,1.060544307389909e-05,0.49988240863872524,9.535519567815767,31.663196742679617
bootstrap_523,1e-08,0.8761311531521956,1192.0070551482431,284.56324618452356,1.0308169463715466e-05,0.5,10.02494267296381,32.611889319312155
bootstrap_524,1e-08,0.8916245165528909,1166.7349628788766,289.55835376009657,1.0298792845572056e-05,0.5,10.039889539576505,28.42580215709592
bootstrap_525,1e-08,0.9332398358898284,1000.0007408938739,303.41292404009175,1.0558237942467443e-05,0.5,9.612458692460713,32.14101211370256
bootstrap_526,1e-08,0.8916245165528909,1166.7349628788766,289.55835376009657,1.0298792845572056e-05,0.5,10.039889539576505,32.05897009282108
bootstrap_527,1e-08,0.8916242041675606,1166.735305161932,289.55824133226116,1.0298792426963708e-05,0.5,10.039890235769267,32.743179701627
bootstrap_528,1e-08,0.8916245165528909,1166.7349628788766,289.55835376009657,1.0298792845572056e-05,0.5,10.039889539576505,29.60000621937949
bootstrap_529,1e-08,0.8916245165528909,1166.7349628788766,289.55835376009657,1.0298792845572056e-05,0.5,10.039889539576505,28.58542477090322
bootstrap_530,1e-08,0.8916245165528909,1166.7349628788766,289.55835376009657,1.0298792845572056e-05,0.5,10.039889539576505,27.37213998070818
bootstrap_531,1e-08,0.9332375163334059,1000.0,303.41233316688806,1.0558236460061365e-05,0.5,9.612461175273127,31.520803136621275
bootstrap_532,1e-08,0.8761062790976009,1191.946260782931,284.5542847730402,1.0308186836170952e-05,0.5,10.02491318007013,31.326687555619205
bootstrap_533,1e-08,0.8916245165528909,1166.7349628788766,289.55835376009657,1.0298792845572056e-05,0.5,10.039889539576505,29.075838816781967
bootstrap_534,1e-08,0.9332375163334059,1000.0,303.41233316688806,1.0558236460061365e-05,0.5,9.612461175273127,30.61486009885295
bootstrap_535,1e-08,0.9332375163334059,1000.0,303.41233316688806,1.0558236460061365e-05,0.5,9.612461175273127,29.408051567430594
bootstrap_536,1e-08,0.8916245165528909,1166.7349628788766,289.55835376009657,1.0298792845572056e-05,0.5,10.039889539576505,29.89838884029437
bootstrap_537,1e-08,0.8916245165528909,1166.7349628788766,289.55835376009657,1.0298792845572056e-05,0.5,10.039889539576505,27.519385891251762
bootstrap_538,1e-08,0.9333490789370199,1000.0069450364084,303.44846561199165,1.0558253137484511e-05,0.5,9.612433085775484,29.856167065858486
bootstrap_539,1e-08,0.8916245165528909,1166.7349628788766,289.55835376009657,1.0298792845572056e-05,0.5,10.039889539576505,31.180028305193495
bootstrap_540,1e-08,0.8916245165528909,1166.7349628788766,289.55835376009657,1.0298792845572056e-05,0.5,10.039889539576505,30.58761857526929
bootstrap_541,1e-08,0.9332375163334059,1000.0,303.41233316688806,1.0558236460061365e-05,0.5,9.612461175273127,29.75168324173083
bootstrap_542,1e-08,0.8761062751304891,1191.9462748357173,284.5542836416017,1.0308186829544806e-05,0.5,10.024913191212839,32.34254480821034
bootstrap_543,1e-08,0.8761062790976009,1191.946260782931,284.5542847730402,1.0308186836170952e-05,0.5,10.02491318007013,29.95626431672498
bootstrap_544,1e-08,0.8916242041675606,1166.735305161932,289.55824133226116,1.0298792426963708e-05,0.5,10.039890235769267,28.923629293423808
bootstrap_545,1e-08,0.8761062790976009,1191.946260782931,284.5542847730402,1.0308186836170952e-05,0.5,10.02491318007013,27.966556826200417
bootstrap_546,1e-08,0.9333490789370199,1000.0069450364084,303.44846561199165,1.0558253137484511e-05,0.5,9.612433085775484,28.61092921517022
bootstrap_547,1e-08,0.8761311531521956,1192.0070551482431,284.56324618452356,1.0308169463715466e-05,0.5,10.02494267296381,31.876158460068282
bootstrap_548,1e-08,1.4572660026754645,47787.540354851575,468.1845390193097,1.0605428391120965e-05,0.4998824557505102,9.535544782474432,27.77088281420155
bootstrap_549,1e-08,0.8916245165528909,1166.7349628788766,289.55835376009657,1.0298792845572056e-05,0.5,10.039889539576505,31.69858031722159
bootstrap_550,1e-08,0.876106266685217,1191.9462841954623,284.5542811621784,1.0308186833924092e-05,0.5,10.024913184002067,32.07075827730074
bootstrap_551,1e-08,0.9332375244715254,1000.0001690632155,303.41233177439824,1.055823647038906e-05,0.5,9.612461160480922,30.10340916911274
bootstrap_552,1e-08,0.8916245165528909,1166.7349628788766,289.55835376009657,1.0298792845572056e-05,0.5,10.039889539576505,30.44809989534534
bootstrap_553,1e-08,0.8916245165528909,1166.7349628788766,289.55835376009657,1.0298792845572056e-05,0.5,10.039889539576505,32.651556957644594
bootstrap_554,1e-08,0.8916245165528909,1166.7349628788766,289.55835376009657,1.0298792845572056e-05,0.5,10.039889539576505,30.03664466477594
bootstrap_555,1e-08,0.9332398424740772,1000.0000010741013,303.4129826605224,1.0558237193849942e-05,0.5,9.612460000183425,28.768636573584885
bootstrap_556,1e-08,0.8916242041675606,1166.735305161932,289.55824133226116,1.0298792426963708e-05,0.5,10.039890235769267,28.94064660572051
bootstrap_557,1e-08,0.8916250438527016,1166.7349921633995,289.55853982884594,1.0298793096197225e-05,0.5,10.039889128831149,30.590064464164165
bootstrap_558,1e-08,0.8761340148946215,1191.895997199288,284.56300100968093,1.0308247547525923e-05,0.5,10.024812528900792,32.112186318625064
bootstrap_559,1e-08,1.4572659971166264,47787.53189833981,468.18455926561137,1.0605428235630914e-05,0.4998824557199476,9.535545038189303,29.700218752366172
bootstrap_560,1e-08,0.8916245165528909,1166.7349628788766,289.55835376009657,1.0298792845572056e-05,0.5,10.039889539576505,30.80408607788188
bootstrap_561,1e-08,0.9332375742836243,1000.0,303.4120229360503,1.05582401093446e-05,0.5,9.612455170723944,32.153308232033595
bootstrap_562,1e-08,0.8761062790976009,1191.946260782931,284.5542847730402,1.0308186836170952e-05,0.5,10.02491318007013,29.523602965671852
bootstrap_563,1e-08,0.9333490789370199,1000.0069450364084,303.44846561199165,1.0558253137484511e-05,0.5,9.612433085775484,28.610961471810036
bootstrap_564,1e-08,0.8916245165528909,1166.7349628788766,289.55835376009657,1.0298792845572056e-05,0.5,10.039889539576505,32.25878430904699
bootstrap_565,1e-08,1.4572662284504376,47787.538000778804,468.1845575018417,1.0605428333986196e-05,0.4998824558941919,9.535544883639059,29.501913980911365
bootstrap_566,1e-08,0.8916245165528909,1166.7349628788766,289.55835376009657,1.0298792845572056e-05,0.5,10.039889539576505,27.307527769446242
bootstrap_567,1e-08,0.8916245165528909,1166.7349628788766,289.55835376009657,1.0298792845572056e-05,0.5,10.039889539576505,30.269998164239603
bootstrap_568,1e-08,0.8916245165528909,1166.7349628788766,289.55835376009657,1.0298792845572056e-05,0.5,10.039889539576505,32.21166193991094
bootstrap_569,1e-08,0.9332376123899118,1000.0001142067339,303.4123873655857,1.055823485026267e-05,0.5,9.61246376108934,30.923666865316687
bootstrap_570,1e-08,0.9332075435503262,1000.0084803438118,303.4013892560357,1.0558229571899752e-05,0.5,9.612473086159408,27.317263013023393
bootstrap_571,1e-08,0.8916245165528909,1166.7349628788766,289.55835376009657,1.0298792845572056e-05,0.5,10.039889539576505,32.992960581710506
bootstrap_572,1e-08,0.9332398358898284,1000.0007408938739,303.41292404009175,1.0558237942467443e-05,0.5,9.612458692460713,26.866798918925575
bootstrap_573,1e-08,0.8916245165528909,1166.7349628788766,289.55835376009657,1.0298792845572056e-05,0.5,10.039889539576505,31.110686828011
bootstrap_574,1e-08,0.8761062790976009,1191.946260782931,284.5542847730402,1.0308186836170952e-05,0.5,10.02491318007013,32.3778786035611
bootstrap_575,1e-08,0.9334877757596114,1000.0582985294557,303.49854610267573,1.0558447560271802e-05,0.5,9.612114946297545,30.772311624616954
bootstrap_576,1e-08,0.9333490789370199,1000.0069450364084,303.44846561199165,1.0558253137484511e-05,0.5,9.612433085775484,26.93222395438844
bootstrap_577,1e-08,0.876106266685217,1191.9462841954623,284.5542811621784,1.0308186833924092e-05,0.5,10.024913184002067,30.749649031254645
bootstrap_578,1e-08,0.8916245165528909,1166.7349628788766,289.55835376009657,1.0298792845572056e-05,0.5,10.039889539576505,30.021749471236696
bootstrap_579,1e-08,0.8761311531521956,1192.0070551482431,284.56324618452356,1.0308169463715466e-05,0.5,10.02494267296381,30.163557938937434
bootstrap_580,1e-08,0.8761062790976009,1191.946260782931,284.5542847730402,1.0308186836170952e-05,0.5,10.02491318007013,29.38988503162499
bootstrap_581,1e-08,0.8916245165528909,1166.7349628788766,289.55835376009657,1.0298792845572056e-05,0.5,10.039889539576505,32.02664520952435
bootstrap_582,1e-08,0.8761062790976009,1191.946260782931,284.5542847730402,1.0308186836170952e-05,0.5,10.02491318007013,32.203115579109415
bootstrap_583,1e-08,0.8916245165528909,1166.7349628788766,289.55835376009657,1.0298792845572056e-05,0.5,10.039889539576505,28.490356214761544
bootstrap_584,1e-08,1.457266136504793,47787.5383299498,468.18455060083085,1.060542828801306e-05,0.499882455887933,9.53554495613955,31.32156361848922
bootstrap_585,1e-08,0.8916248694141281,1166.7366573670838,289.5584912268605,1.0298793919849078e-05,0.5,10.039887790964892,29.334510305507873
bootstrap_586,1e-08,0.9332375163334059,1000.0,303.41233316688806,1.0558236460061365e-05,0.5,9.612461175273127,28.460282931234747
bootstrap_587,1e-08,0.9332376123899118,1000.0001142067339,303.4123873655857,1.055823485026267e-05,0.5,9.61246376108934,29.187828828839443
bootstrap_588,1e-08,0.8916242041675606,1166.735305161932,289.55824133226116,1.0298792426963708e-05,0.5,10.039890235769267,29.828294748007853
bootstrap_589,1e-08,1.4572662128621938,47787.537929793834,468.1845458325153,1.060542831996498e-05,0.4998824558634374,9.53554490560959,29.04154018797538
bootstrap_590,1e-08,0.9332370471186788,1000.0000066640214,303.4121737919714,1.0558236255427383e-05,0.5,9.612461517855461,30.46522301995253
bootstrap_591,1e-08,0.9332398358898284,1000.0007408938739,303.41292404009175,1.0558237942467443e-05,0.5,9.612458692460713,32.38563028564018
bootstrap_592,1e-08,0.87613118439722,1192.007091826338,284.5632568981185,1.0308169492945432e-05,0.5,10.024942625172693,30.196078779093273
bootstrap_593,1e-08,0.8916245165528909,1166.7349628788766,289.55835376009657,1.0298792845572056e-05,0.5,10.039889539576505,32.64061966521518
bootstrap_594,1e-08,0.9332375163334059,1000.0,303.41233316688806,1.0558236460061365e-05,0.5,9.612461175273127,28.005658346820763
bootstrap_595,1e-08,0.9332375231067893,1000.0000005843692,303.4123311650379,1.0558236514695591e-05,0.5,9.612461087535355,30.43202320605887
bootstrap_596,1e-08,0.8916245165528909,1166.7349628788766,289.55835376009657,1.0298792845572056e-05,0.5,10.039889539576505,32.39132203394238
bootstrap_597,1e-08,0.8916245165528909,1166.7349628788766,289.55835376009657,1.0298792845572056e-05,0.5,10.039889539576505,27.4042376228573
bootstrap_598,1e-08,0.8916245165528909,1166.7349628788766,289.55835376009657,1.0298792845572056e-05,0.5,10.039889539576505,28.668985689213176
bootstrap_599,1e-08,1.4572660563309014,47787.5410708484,468.184552798092,1.0605428480947159e-05,0.4998824556637853,9.535544629173977,30.704099584506835
bootstrap_600,1e-08,0.8916245165528909,1166.7349628788766,289.55835376009657,1.0298792845572056e-05,0.5,10.039889539576505,29.14916406934827
bootstrap_601,1e-08,0.8916245165528909,1166.7349628788766,289.55835376009657,1.0298792845572056e-05,0.5,10.039889539576505,31.11639644332188
bootstrap_602,1e-08,0.8916245165528909,1166.7349628788766,289.55835376009657,1.0298792845572056e-05,0.5,10.039889539576505,31.29719820852159
bootstrap_603,1e-08,0.9332374755010049,1000.0000177729711,303.4123225126972,1.055823653177519e-05,0.5,9.612461059399347,29.30906263749486
bootstrap_604,1e-08,0.8761062790976009,1191.946260782931,284.5542847730402,1.0308186836170952e-05,0.5,10.02491318007013,34.08807489708496
bootstrap_605,1e-08,0.8916245165528909,1166.7349628788766,289.55835376009657,1.0298792845572056e-05,0.5,10.039889539576505,29.966672397891518
bootstrap_606,1e-08,0.8916245165528909,1166.7349628788766,289.55835376009657,1.0298792845572056e-05,0.5,10.039889539576505,31.75362615944177
bootstrap_607,1e-08,0.9332410115771821,1000.002532463304,303.4133597587163,1.0558210948004815e-05,0.5,9.612503055198907,31.009178682631003
bootstrap_608,1e-08,1.4572662584370701,47787.53624460999,468.18459489829,1.0605428368892625e-05,0.4998824557845113,9.535544812938648,28.151093096282498
bootstrap_609,1e-08,0.9333490789370199,1000.0069450364084,303.44846561199165,1.0558253137484511e-05,0.5,9.612433085775484,31.974485883522956
bootstrap_610,1e-08,0.8761062790976009,1191.946260782931,284.5542847730402,1.0308186836170952e-05,0.5,10.02491318007013,32.08866065971985
bootstrap_611,1e-08,0.9333490789370199,1000.0069450364084,303.44846561199165,1.0558253137484511e-05,0.5,9.612433085775484,32.388396844513736
bootstrap_612,1e-08,0.8761062790976009,1191.946260782931,284.5542847730402,1.0308186836170952e-05,0.5,10.02491318007013,27.576564440821844
bootstrap_613,1e-08,0.8916245165528909,1166.7349628788766,289.55835376009657,1.0298792845572056e-05,0.5,10.039889539576505,29.439897814445395
bootstrap_614,1e-08,0.9332375163334059,1000.0,303.41233316688806,1.0558236460061365e-05,0.5,9.612461175273127,29.579877119056164
bootstrap_615,1e-08,0.8916245165528909,1166.7349628788766,289.55835376009657,1.0298792845572056e-05,0.5,10.039889539576505,31.624244575229408
bootstrap_616,1e-08,0.9332375163334059,1000.0,303.41233316688806,1.0558236460061365e-05,0.5,9.612461175273127,30.07265447066549
bootstrap_617,1e-08,0.9332410246976084,1000.0025341734531,303.4133615787167,1.0558210927130958e-05,0.5,9.612503092922186,29.174986476473645
bootstrap_618,1e-08,0.8916250094823241,1166.7347935518833,289.5585236605598,1.0298793300554806e-05,0.5,10.039888793903511,30.260304365085176
bootstrap_619,1e-08,0.8916250080463755,1166.7350215089475,289.55852517449335,1.0298793036132523e-05,0.5,10.039889220854146,30.413803205311954
bootstrap_620,1e-08,0.9332375163334059,1000.0,303.41233316688806,1.0558236460061365e-05,0.5,9.612461175273127,28.41309621499187
bootstrap_621,1e-08,0.8916245165528909,1166.7349628788766,289.55835376009657,1.0298792845572056e-05,0.5,10.039889539576505,28.88267258353183
bootstrap_622,1e-08,0.9332375163334059,1000.0,303.41233316688806,1.0558236460061365e-05,0.5,9.612461175273127,28.37046241647009
bootstrap_623,1e-08,0.8916245165528909,1166.7349628788766,289.55835376009657,1.0298792845572056e-05,0.5,10.039889539576505,31.064822398197993
bootstrap_624,1e-08,0.9332375163334059,1000.0,303.41233316688806,1.0558236460061365e-05,0.5,9.612461175273127,29.488444668749725
bootstrap_625,1e-08,0.9332375163334059,1000.0,303.41233316688806,1.0558236460061365e-05,0.5,9.612461175273127,28.699733443175305
bootstrap_626,1e-08,0.8761062790976009,1191.946260782931,284.5542847730402,1.0308186836170952e-05,0.5,10.02491318007013,29.66848934393498
bootstrap_627,1e-08,1.4486119252810936,47914.27485649448,467.76658303483424,1.0608692890526893e-05,0.4998769125123248,9.529888180757617,30.280089151012604
bootstrap_628,1e-08,0.8761311531521956,1192.0070551482431,284.56324618452356,1.0308169463715466e-05,0.5,10.02494267296381,27.362363211547237
bootstrap_629,1e-08,0.8916245165528909,1166.7349628788766,289.55835376009657,1.0298792845572056e-05,0.5,10.039889539576505,29.704632565258095
bootstrap_630,1e-08,0.8916245165528909,1166.7349628788766,289.55835376009657,1.0298792845572056e-05,0.5,10.039889539576505,28.615428738769918
bootstrap_631,1e-08,0.8786782849617225,1195.848209431163,285.77183588875016,1.0327805195742458e-05,0.5,9.992874795688035,29.063831096280587
bootstrap_632,1e-08,0.9332393958142288,1000.0013575929213,303.4128841017963,1.0558222781705789e-05,0.5,9.612483631156552,29.510396117461728
bootstrap_633,1e-08,0.8916245165528909,1166.7349628788766,289.55835376009657,1.0298792845572056e-05,0.5,10.039889539576505,30.91944328985124
bootstrap_634,1e-08,0.8916245165528909,1166.7349628788766,289.55835376009657,1.0298792845572056e-05,0.5,10.039889539576505,29.52568343444542
bootstrap_635,1e-08,0.8916245165528909,1166.7349628788766,289.55835376009657,1.0298792845572056e-05,0.5,10.039889539576505,30.235429131177796
bootstrap_636,1e-08,1.4572662353635966,47787.53952819918,468.1845511315962,1.060542835752505e-05,0.4998824559090188,9.535544844647287,29.3248730225251
bootstrap_637,1e-08,1.4572662584370701,47787.53624460999,468.18459489829,1.0605428368892625e-05,0.4998824557845113,9.535544812938648,31.30072010213775
bootstrap_638,1e-08,0.8916245165528909,1166.7349628788766,289.55835376009657,1.0298792845572056e-05,0.5,10.039889539576505,30.680935338899463
bootstrap_639,1e-08,0.8916245165528909,1166.7349628788766,289.55835376009657,1.0298792845572056e-05,0.5,10.039889539576505,29.879401869020786
bootstrap_640,1e-08,0.9332375163334059,1000.0,303.41233316688806,1.0558236460061365e-05,0.5,9.612461175273127,28.83961010416624
bootstrap_641,1e-08,0.8916245165528909,1166.7349628788766,289.55835376009657,1.0298792845572056e-05,0.5,10.039889539576505,29.374464337633114
bootstrap_642,1e-08,0.9332376123899118,1000.0001142067339,303.4123873655857,1.055823485026267e-05,0.5,9.61246376108934,30.966665258317988
bootstrap_643,1e-08,0.9332375163334059,1000.0,303.41233316688806,1.0558236460061365e-05,0.5,9.612461175273127,29.5776506415921
bootstrap_644,1e-08,0.9332375163334059,1000.0,303.41233316688806,1.0558236460061365e-05,0.5,9.612461175273127,30.241472795049877
bootstrap_645,1e-08,0.9332375163334059,1000.0,303.41233316688806,1.0558236460061365e-05,0.5,9.612461175273127,32.39365025284713
bootstrap_646,1e-08,0.8761062790976009,1191.946260782931,284.5542847730402,1.0308186836170952e-05,0.5,10.02491318007013,27.70963782883705
bootstrap_647,1e-08,0.8916250094823241,1166.7347935518833,289.5585236605598,1.0298793300554806e-05,0.5,10.039888793903511,29.84193495353098
bootstrap_648,1e-08,0.8916245165528909,1166.7349628788766,289.55835376009657,1.0298792845572056e-05,0.5,10.039889539576505,28.527674507811053
bootstrap_649,1e-08,0.8916245165528909,1166.7349628788766,289.55835376009657,1.0298792845572056e-05,0.5,10.039889539576505,30.44479499702944
bootstrap_650,1e-08,0.879046683184146,1202.4623973454886,285.6947895629217,1.030617295648181e-05,0.5,10.028391837127245,28.343224757969676
bootstrap_651,1e-08,0.8761307677218253,1191.8952648709037,284.561916472323,1.0308245430113724e-05,0.5,10.024816023808736,31.9777258976234
bootstrap_652,1e-08,0.9332375742836243,1000.0,303.4120229360503,1.05582401093446e-05,0.5,9.612455170723944,31.223552368363915
bootstrap_653,1e-08,0.8785899369502828,1195.545450806708,285.75012605969994,1.0328189002826604e-05,0.5,9.992272165661149,31.739994399739903
bootstrap_654,1e-08,0.9332410048622496,1000.0025337027853,303.413359098319,1.0558210940386197e-05,0.5,9.612503067367891,30.653338595348906
bootstrap_655,1e-08,0.8916245165528909,1166.7349628788766,289.55835376009657,1.0298792845572056e-05,0.5,10.039889539576505,29.991167934190912
bootstrap_656,1e-08,0.8916245165528909,1166.7349628788766,289.55835376009657,1.0298792845572056e-05,0.5,10.039889539576505,32.41524773933256
bootstrap_657,1e-08,0.9333490789370199,1000.0069450364084,303.44846561199165,1.0558253137484511e-05,0.5,9.612433085775484,29.507232927869968
bootstrap_658,1e-08,0.9332375181142523,1000.0,303.41233851028016,1.0558236296896424e-05,0.5,9.612461445256752,30.79982628462825
bootstrap_659,1e-08,0.9332375291885033,1000.0,303.41233456101924,1.0558236463923288e-05,0.5,9.6124611657192,29.81316532820167
bootstrap_660,1e-08,1.4987830315430188,47907.54686169975,458.8207011964281,1.0635208692227228e-05,0.4999532299600582,9.48939529142833,27.595273193645866
bootstrap_661,1e-08,0.8761311531521956,1192.0070551482431,284.56324618452356,1.0308169463715466e-05,0.5,10.02494267296381,30.938438580491272
bootstrap_662,1e-08,0.8916242041675606,1166.735305161932,289.55824133226116,1.0298792426963708e-05,0.5,10.039890235769267,29.752946443855578
bootstrap_663,1e-08,0.8761311531521956,1192.0070551482431,284.56324618452356,1.0308169463715466e-05,0.5,10.02494267296381,28.38134160664752
bootstrap_664,1e-08,0.9332375163334059,1000.0,303.41233316688806,1.0558236460061365e-05,0.5,9.612461175273127,30.28792295236315
bootstrap_665,1e-08,0.8916242041675606,1166.735305161932,289.55824133226116,1.0298792426963708e-05,0.5,10.039890235769267,31.135956358946405
bootstrap_666,1e-08,0.9332410284650944,1000.0025317790187,303.4133612403615,1.0558211001466802e-05,0.5,9.61250296867934,30.472572602582442
bootstrap_667,1e-08,0.8761311531521956,1192.0070551482431,284.56324618452356,1.0308169463715466e-05,0.5,10.02494267296381,28.802162692112848
bootstrap_668,1e-08,1.45726622957663,47787.54287999699,468.18455226913414,1.0605428413031132e-05,0.4998824560458495,9.53554475133855,30.262175174651286
bootstrap_669,1e-08,0.8916250094823241,1166.7347935518833,289.5585236605598,1.0298793300554806e-05,0.5,10.039888793903511,29.232975332378956
bootstrap_670,1e-08,0.9332375163334059,1000.0,303.41233316688806,1.0558236460061365e-05,0.5,9.612461175273127,28.76883456289884
bootstrap_671,1e-08,0.8761311531521956,1192.0070551482431,284.56324618452356,1.0308169463715466e-05,0.5,10.02494267296381,30.34101315135259
bootstrap_672,1e-08,0.8916245165528909,1166.7349628788766,289.55835376009657,1.0298792845572056e-05,0.5,10.039889539576505,31.17442261988196
bootstrap_673,1e-08,0.9333490789370199,1000.0069450364084,303.44846561199165,1.0558253137484511e-05,0.5,9.612433085775484,31.916258278166595
bootstrap_674,1e-08,1.4572869168012368,47787.83450370611,468.1845009099891,1.060544168306203e-05,0.49988244414374816,9.535522786595763,29.8567509222886
bootstrap_675,1e-08,0.9332377750180763,1000.0000947834093,303.4123052169225,1.0558237271693846e-05,0.5,9.612459888823583,28.990196109437715
bootstrap_676,1e-08,0.9332397802206068,1000.000007214491,303.4130676546049,1.0558237580763429e-05,0.5,9.612459294887085,31.21898314801722
bootstrap_677,1e-08,0.8916242041675606,1166.735305161932,289.55824133226116,1.0298792426963708e-05,0.5,10.039890235769267,31.176287426128575
bootstrap_678,1e-08,0.8916245165528909,1166.7349628788766,289.55835376009657,1.0298792845572056e-05,0.5,10.039889539576505,28.8998101090573
bootstrap_679,1e-08,1.457265319720825,47787.52527317674,468.1845942529642,1.0605427763185358e-05,0.4998824557251659,9.53554582302082,28.459195439765132
bootstrap_680,1e-08,0.9332375742836243,1000.0,303.4120229360503,1.05582401093446e-05,0.5,9.612455170723944,30.311820778467155
bootstrap_681,1e-08,0.8761062790976009,1191.946260782931,284.5542847730402,1.0308186836170952e-05,0.5,10.02491318007013,30.16119871156853
bootstrap_682,1e-08,0.933217167973461,1000.0030720614593,303.40557752785605,1.0558225329621125e-05,0.5,9.612479823430643,29.00353320502635
bootstrap_683,1e-08,0.9332375329789314,1000.0000005970164,303.41233880615033,1.0558236462509617e-05,0.5,9.612461171811788,28.32949591523201
bootstrap_684,1e-08,0.8761062790976009,1191.946260782931,284.5542847730402,1.0308186836170952e-05,0.5,10.02491318007013,28.820245825402093
bootstrap_685,1e-08,0.9326742407694801,1000.0335009960052,303.22099266836796,1.0557879652855874e-05,0.5,9.613051104128282,27.875399307607104
bootstrap_686,1e-08,0.8761062751304891,1191.9462748357173,284.5542836416017,1.0308186829544806e-05,0.5,10.024913191212839,28.323254832684388
bootstrap_687,1e-08,1.4572661539293783,47787.541661121824,468.18455708447425,1.0605428408492618e-05,0.49988245590891367,9.535544755450523,29.761463936688905
bootstrap_688,1e-08,0.9332375163334059,1000.0,303.41233316688806,1.0558236460061365e-05,0.5,9.612461175273127,29.178773987767485
bootstrap_689,1e-08,0.8916245165528909,1166.7349628788766,289.55835376009657,1.0298792845572056e-05,0.5,10.039889539576505,31.71040641118806
bootstrap_690,1e-08,1.4987829323071429,47907.526561663726,458.820609274271,1.063520849140515e-05,0.49995322972978784,9.489395578614603,30.65833233590985
bootstrap_691,1e-08,0.8916245165528909,1166.7349628788766,289.55835376009657,1.0298792845572056e-05,0.5,10.039889539576505,28.566274726677964
bootstrap_692,1e-08,1.4572662807088648,47787.538714795766,468.18455383787204,1.0605428400287657e-05,0.49988245579787816,9.535544772100643,28.94775822559476
bootstrap_693,1e-08,0.8916245165528909,1166.7349628788766,289.55835376009657,1.0298792845572056e-05,0.5,10.039889539576505,30.126100188532178
bootstrap_694,1e-08,0.8916245165528909,1166.7349628788766,289.55835376009657,1.0298792845572056e-05,0.5,10.039889539576505,30.014822090343312
bootstrap_695,1e-08,0.9332376123899118,1000.0001142067339,303.4123873655857,1.055823485026267e-05,0.5,9.61246376108934,28.27662451991622
bootstrap_696,1e-08,0.9333490789370199,1000.0069450364084,303.44846561199165,1.0558253137484511e-05,0.5,9.612433085775484,31.00671687596233
bootstrap_697,1e-08,0.8916245165528909,1166.7349628788766,289.55835376009657,1.0298792845572056e-05,0.5,10.039889539576505,29.85691694820855
bootstrap_698,1e-08,0.9332410246976084,1000.0025341734531,303.4133615787167,1.0558210927130955e-05,0.5,9.612503092922186,27.095890480644346
bootstrap_699,1e-08,0.8761311531521956,1192.0070551482431,284.56324618452356,1.0308169463715466e-05,0.5,10.02494267296381,29.590638733354194
bootstrap_700,1e-08,0.8916248166966401,1166.7402464865017,289.55839689856015,1.0298796389097337e-05,0.5,10.039883828231588,29.880110391241345
bootstrap_701,1e-08,0.8761311531521956,1192.0070551482431,284.56324618452356,1.0308169463715466e-05,0.5,10.02494267296381,30.56456003356616
bootstrap_702,1e-08,0.8916245165528909,1166.7349628788766,289.55835376009657,1.0298792845572056e-05,0.5,10.039889539576505,27.664275453860846
bootstrap_703,1e-08,0.9332410115771821,1000.002532463304,303.4133597587163,1.0558210948004815e-05,0.5,9.612503055198907,30.51560611931753
bootstrap_704,1e-08,0.8761062790976009,1191.946260782931,284.5542847730402,1.0308186836170952e-05,0.5,10.02491318007013,30.443680299390962
bootstrap_705,1e-08,0.8916245165528909,1166.7349628788766,289.55835376009657,1.0298792845572056e-05,0.5,10.039889539576505,33.6936589902144
bootstrap_706,1e-08,0.8761062790976009,1191.946260782931,284.5542847730402,1.0308186836170952e-05,0.5,10.02491318007013,30.658772117169118
bootstrap_707,1e-08,0.8761062790976009,1191.946260782931,284.5542847730402,1.0308186836170952e-05,0.5,10.02491318007013,27.569276127383425
bootstrap_708,1e-08,0.8916245165528909,1166.7349628788766,289.55835376009657,1.0298792845572056e-05,0.5,10.039889539576505,31.89655899146976
bootstrap_709,1e-08,0.8916245165528909,1166.7349628788766,289.55835376009657,1.0298792845572056e-05,0.5,10.039889539576505,29.86519367017348
bootstrap_710,1e-08,0.8916245165528909,1166.7349628788766,289.55835376009657,1.0298792845572056e-05,0.5,10.039889539576505,27.414530622266362
bootstrap_711,1e-08,0.8916250094823241,1166.7347935518833,289.5585236605598,1.0298793300554806e-05,0.5,10.039888793903511,32.18523645282257
bootstrap_712,1e-08,1.4572654485513425,47787.507511601725,468.1845689567267,1.060542801235721e-05,0.4998824554419683,9.535545389269902,29.75199008221134
bootstrap_713,1e-08,0.8761062790976009,1191.946260782931,284.5542847730402,1.0308186836170952e-05,0.5,10.02491318007013,33.59904747634361
bootstrap_714,1e-08,0.8916245165528909,1166.7349628788766,289.55835376009657,1.0298792845572056e-05,0.5,10.039889539576505,31.457505715285343
bootstrap_715,1e-08,0.9331683598007303,1000.0001956761657,303.3886144071119,1.0558186420797288e-05,0.5,9.612543715317088,26.492252895889273
bootstrap_716,1e-08,1.498782933458804,47907.52654662424,458.8206093242235,1.0635208491935461e-05,0.49995322972995204,9.489395577744709,27.454813778492895
bootstrap_717,1e-08,0.8916242041675606,1166.735305161932,289.55824133226116,1.0298792426963708e-05,0.5,10.039890235769267,29.746350236873774
bootstrap_718,1e-08,0.9332375163334059,1000.0,303.41233316688806,1.0558236460061365e-05,0.5,9.612461175273127,29.183598237291026
bootstrap_719,1e-08,0.8916245165528909,1166.7349628788766,289.55835376009657,1.0298792845572056e-05,0.5,10.039889539576505,28.83441382321865
bootstrap_720,1e-08,0.9332373954632185,1000.0003179211433,303.41231033865927,1.055823666664521e-05,0.5,9.612460844267332,30.23120566839029
bootstrap_721,1e-08,0.8916245165528909,1166.7349628788766,289.55835376009657,1.0298792845572056e-05,0.5,10.039889539576505,28.787819444728118
bootstrap_722,1e-08,0.8916250438527016,1166.7349921633995,289.55853982884594,1.0298793096197225e-05,0.5,10.039889128831149,30.29645357001954
bootstrap_723,1e-08,0.9332375163334059,1000.0,303.41233316688806,1.0558236460061365e-05,0.5,9.612461175273127,29.01914391141481
bootstrap_724,1e-08,0.8916245165528909,1166.7349628788766,289.55835376009657,1.0298792845572056e-05,0.5,10.039889539576505,29.820990037345727
bootstrap_725,1e-08,0.8916250438527016,1166.7349921633995,289.55853982884594,1.0298793096197225e-05,0.5,10.039889128831149,28.391565135918846
bootstrap_726,1e-08,0.8916245165528909,1166.7349628788766,289.55835376009657,1.0298792845572056e-05,0.5,10.039889539576505,30.030661907806756
bootstrap_727,1e-08,1.498782933458804,47907.52654662424,458.8206093242235,1.0635208491935461e-05,0.49995322972995204,9.489395577744709,30.772996224828315
bootstrap_728,1e-08,0.93334897752963,1000.0069339715208,303.44844987396476,1.0558253517654616e-05,0.5,9.612432472093435,29.515273664023194
bootstrap_729,1e-08,0.9333490789370199,1000.0069450364084,303.44846561199165,1.0558253137484511e-05,0.5,9.612433085775484,30.96453903780393
bootstrap_730,1e-08,1.457266246480677,47787.54685311481,468.18455712273754,1.0605428429668096e-05,0.49988245622302563,9.535544730258469,31.381492171701495
bootstrap_731,1e-08,0.8916245165528909,1166.7349628788766,289.55835376009657,1.0298792845572056e-05,0.5,10.039889539576505,29.721268973677766
bootstrap_732,1e-08,0.8916245165528909,1166.7349628788766,289.55835376009657,1.0298792845572056e-05,0.5,10.039889539576505,31.521678558074882
bootstrap_733,1e-08,0.9332375163334059,1000.0,303.41233316688806,1.0558236460061365e-05,0.5,9.612461175273127,32.433832945287435
bootstrap_734,1e-08,0.8761311531521956,1192.0070551482431,284.56324618452356,1.0308169463715466e-05,0.5,10.02494267296381,28.529719020411488
bootstrap_735,1e-08,0.8916245165528909,1166.7349628788766,289.55835376009657,1.0298792845572056e-05,0.5,10.039889539576505,32.65327951568759
bootstrap_736,1e-08,2.5700514859672716,38258.612160724966,462.1928552218934,1.0354690757196406e-05,0.49819867603456935,9.92234334781869,30.604170371666175
bootstrap_737,1e-08,0.9333490789370199,1000.0069450364084,303.44846561199165,1.0558253137484511e-05,0.5,9.612433085775484,28.95102686237874
bootstrap_738,1e-08,1.457266242211268,47787.539445560644,468.1845518016463,1.0605428342745236e-05,0.4998824559716119,9.535544870393192,29.22743507646676
bootstrap_739,1e-08,0.9332375181142523,1000.0,303.41233851028016,1.0558236296896424e-05,0.5,9.612461445256752,29.585880448629148
bootstrap_740,1e-08,0.8916245165528909,1166.7349628788766,289.55835376009657,1.0298792845572056e-05,0.5,10.039889539576505,32.63111605276186
bootstrap_741,1e-08,0.8761311531521956,1192.0070551482431,284.56324618452356,1.0308169463715466e-05,0.5,10.02494267296381,30.45021559856808
bootstrap_742,1e-08,1.4572657965341422,47787.53158443772,468.18455706113855,1.0605428261273786e-05,0.499882455587345,9.535544996208335,29.973465349685902
bootstrap_743,1e-08,0.8761062790976009,1191.946260782931,284.5542847730402,1.0308186836170952e-05,0.5,10.02491318007013,29.6351689749485
bootstrap_744,1e-08,0.8761311815473593,1192.0071026657006,284.56325523711456,1.0308169479848656e-05,0.5,10.024942648669427,30.61455106456439
bootstrap_745,1e-08,0.9332375163334059,1000.0,303.41233316688806,1.0558236460061365e-05,0.5,9.612461175273127,31.513625207083244
bootstrap_746,1e-08,0.9333490789370199,1000.0069450364084,303.44846561199165,1.0558253137484511e-05,0.5,9.612433085775484,28.80978047368487
bootstrap_747,1e-08,0.9332367602481593,1000.0038016467366,303.41206586406213,1.0558213636896042e-05,0.5,9.61249875754916,29.659971296607974
bootstrap_748,1e-08,0.8761311531521956,1192.0070551482431,284.56324618452356,1.0308169463715466e-05,0.5,10.02494267296381,30.246175306685366
bootstrap_749,1e-08,0.8761062790976009,1191.946260782931,284.5542847730402,1.0308186836170952e-05,0.5,10.02491318007013,31.484748627127694
bootstrap_750,1e-08,1.4572654485513425,47787.507511601725,468.1845689567267,1.060542801235721e-05,0.4998824554419683,9.535545389269902,28.907483107181243
bootstrap_751,1e-08,0.8916245165528909,1166.7349628788766,289.55835376009657,1.0298792845572056e-05,0.5,10.039889539576505,30.24978371779826
bootstrap_752,1e-08,0.8916245165528909,1166.7349628788766,289.55835376009657,1.0298792845572056e-05,0.5,10.039889539576505,29.044580404542582
bootstrap_753,1e-08,0.8916245165528909,1166.7349628788766,289.55835376009657,1.0298792845572056e-05,0.5,10.039889539576505,29.25296520634397
bootstrap_754,1e-08,0.8916248166966401,1166.7402464865017,289.55839689856015,1.0298796389097337e-05,0.5,10.039883828231588,30.992185867171045
bootstrap_755,1e-08,1.252239846590332,46053.591381814724,405.18571346386966,1.0514872798834848e-05,0.4998811449042845,9.682983023138723,30.14917690515178
bootstrap_756,1e-08,0.8916245165528909,1166.7349628788766,289.55835376009657,1.0298792845572056e-05,0.5,10.039889539576505,29.7039978939501
bootstrap_757,1e-08,1.4572661828454874,47787.53936377966,468.1845541971761,1.060542832111774e-05,0.4998824559380823,9.535544904349702,30.731014350766703
bootstrap_758,1e-08,0.8761062790976009,1191.946260782931,284.5542847730402,1.0308186836170952e-05,0.5,10.02491318007013,29.400024968924438
bootstrap_759,1e-08,0.9332375163334059,1000.0,303.41233316688806,1.0558236460061365e-05,0.5,9.612461175273127,29.903992213628587
bootstrap_760,1e-08,0.8916245165528909,1166.7349628788766,289.55835376009657,1.0298792845572056e-05,0.5,10.039889539576505,30.436870101520768
bootstrap_761,1e-08,0.8916245165528909,1166.7349628788766,289.55835376009657,1.0298792845572056e-05,0.5,10.039889539576505,29.572111664602694
bootstrap_762,1e-08,0.9333490789370199,1000.0069450364084,303.44846561199165,1.0558253137484511e-05,0.5,9.612433085775484,30.380211893391937
bootstrap_763,1e-08,0.8916245165528909,1166.7349628788766,289.55835376009657,1.0298792845572056e-05,0.5,10.039889539576505,32.679880533097034
bootstrap_764,1e-08,0.8916245165528909,1166.7349628788766,289.55835376009657,1.0298792845572056e-05,0.5,10.039889539576505,30.358897487297295
bootstrap_765,1e-08,0.8916245165528909,1166.7349628788766,289.55835376009657,1.0298792845572056e-05,0.5,10.039889539576505,31.620804332788367
bootstrap_766,1e-08,0.8916248166966401,1166.7402464865017,289.55839689856015,1.0298796389097337e-05,0.5,10.039883828231588,30.81211227296051
bootstrap_767,1e-08,0.9333490789370199,1000.0069450364084,303.44846561199165,1.0558253137484511e-05,0.5,9.612433085775484,31.702107212506036
bootstrap_768,1e-08,0.9326742407694801,1000.0335009960052,303.22099266836796,1.0557879652855874e-05,0.5,9.613051104128282,29.249036627891904
bootstrap_769,1e-08,0.9332410415438931,1000.0025249751953,303.41335879357587,1.0558210993413977e-05,0.5,9.612502983148499,30.22065131595866
bootstrap_770,1e-08,0.9332375181142523,1000.0,303.41233851028016,1.0558236296896424e-05,0.5,9.612461445256752,30.508971699892886
bootstrap_771,1e-08,0.93334897752963,1000.0069339715208,303.44844987396476,1.0558253517654616e-05,0.5,9.612432472093435,28.880630690902855
bootstrap_772,1e-08,0.8916245165528909,1166.7349628788766,289.55835376009657,1.0298792845572056e-05,0.5,10.039889539576505,30.13165472004378
bootstrap_773,1e-08,0.9332375599297208,1000.0,303.41234078125217,1.0558236337687349e-05,0.5,9.61246137152547,31.36011525054219
bootstrap_774,1e-08,1.4987829323071429,47907.526561663726,458.820609274271,1.063520849140515e-05,0.49995322972978784,9.489395578614603,27.404654614873653
bootstrap_775,1e-08,0.9332370243441571,1000.0000032299715,303.4121776132011,1.0558236222629666e-05,0.5,9.612461568052986,28.815694525602147
bootstrap_776,1e-08,0.876130764919627,1191.8957208155473,284.56190601487924,1.0308244964448249e-05,0.5,10.024816793570125,28.317799231388168
bootstrap_777,1e-08,0.8916242041675606,1166.735305161932,289.55824133226116,1.0298792426963708e-05,0.5,10.039890235769267,32.374241701736665
bootstrap_778,1e-08,0.9333490789370199,1000.0069450364084,303.44846561199165,1.0558253137484511e-05,0.5,9.612433085775484,31.940484932868895
bootstrap_779,1e-08,0.876106266685217,1191.9462841954623,284.5542811621784,1.0308186833924092e-05,0.5,10.024913184002067,33.47350749455651
bootstrap_780,1e-08,0.8916245165528909,1166.7349628788766,289.55835376009657,1.0298792845572056e-05,0.5,10.039889539576505,31.26514577526974
bootstrap_781,1e-08,0.9332375163334059,1000.0,303.41233316688806,1.0558236460061365e-05,0.5,9.612461175273127,29.048132720810294
bootstrap_782,1e-08,0.8916245165528909,1166.7349628788766,289.55835376009657,1.0298792845572056e-05,0.5,10.039889539576505,28.57198495342117
bootstrap_783,1e-08,0.8761307677218253,1191.8952648709037,284.561916472323,1.0308245430113724e-05,0.5,10.024816023808736,28.953784574716593
bootstrap_784,1e-08,0.8916245165528909,1166.7349628788766,289.55835376009657,1.0298792845572056e-05,0.5,10.039889539576505,31.713906681493942
bootstrap_785,1e-08,1.4572659099252907,47787.53231257299,468.1845746891354,1.0605428194929864e-05,0.49988245562829114,9.535545101479492,28.460671396264765
bootstrap_786,1e-08,0.9332375163334059,1000.0,303.41233316688806,1.0558236460061365e-05,0.5,9.612461175273127,29.680825260711906
bootstrap_787,1e-08,0.9332373954632185,1000.0003179211433,303.41231033865927,1.055823666664521e-05,0.5,9.612460844267332,30.23020828036584
bootstrap_788,1e-08,0.8916242041675606,1166.735305161932,289.55824133226116,1.0298792426963708e-05,0.5,10.039890235769267,29.407232332524643
bootstrap_789,1e-08,0.8761311531521956,1192.0070551482431,284.56324618452356,1.0308169463715466e-05,0.5,10.02494267296381,29.80909556888582
bootstrap_790,1e-08,0.9333490789370199,1000.0069450364084,303.44846561199165,1.0558253137484511e-05,0.5,9.612433085775484,29.014126389089515
bootstrap_791,1e-08,0.9332370735449651,1000.0000465977587,303.412184584035,1.0558236017909812e-05,0.5,9.612461898550638,30.16886195287035
bootstrap_792,1e-08,0.9333490789370199,1000.0069450364084,303.44846561199165,1.0558253137484511e-05,0.5,9.612433085775484,32.1041243715516
bootstrap_793,1e-08,0.8916245165528909,1166.7349628788766,289.55835376009657,1.0298792845572056e-05,0.5,10.039889539576505,28.586469334056922
bootstrap_794,1e-08,1.498782933458804,47907.52654662424,458.8206093242235,1.0635208491935461e-05,0.49995322972995204,9.489395577744709,26.1524771197008
bootstrap_795,1e-08,0.8916245165528909,1166.7349628788766,289.55835376009657,1.0298792845572056e-05,0.5,10.039889539576505,28.39657846106523
bootstrap_796,1e-08,0.8761062790976009,1191.946260782931,284.5542847730402,1.0308186836170952e-05,0.5,10.02491318007013,30.812826079504486
bootstrap_797,1e-08,0.9332375163334059,1000.0,303.41233316688806,1.0558236460061365e-05,0.5,9.612461175273127,30.107223452674912
bootstrap_798,1e-08,1.4572661691246371,47787.53706738875,468.18455355753724,1.0605428304756397e-05,0.49988245590958574,9.535544931084509,26.872014106320886
bootstrap_799,1e-08,0.8916245165528909,1166.7349628788766,289.55835376009657,1.0298792845572056e-05,0.5,10.039889539576505,31.272671632367736
bootstrap_800,1e-08,0.9332375163334059,1000.0,303.41233316688806,1.0558236460061365e-05,0.5,9.612461175273127,30.896979277558103
bootstrap_801,1e-08,0.8916245165528909,1166.7349628788766,289.55835376009657,1.0298792845572056e-05,0.5,10.039889539576505,27.85410198780733
bootstrap_802,1e-08,0.8785886702034862,1195.550083259674,285.7499213349626,1.0328194785487598e-05,0.5,9.992262873083288,30.065129214157565
bootstrap_803,1e-08,0.9332374755010049,1000.0000177729711,303.4123225126972,1.055823653177519e-05,0.5,9.612461059399347,33.723533790737235
bootstrap_804,1e-08,0.8761062790976009,1191.946260782931,284.5542847730402,1.0308186836170952e-05,0.5,10.02491318007013,30.334976119502528
bootstrap_805,1e-08,0.9332410246976084,1000.0025341734531,303.4133615787167,1.0558210927130958e-05,0.5,9.612503092922186,30.921097236667688
bootstrap_806,1e-08,0.9332410246976084,1000.0025341734531,303.4133615787167,1.0558210927130955e-05,0.5,9.612503092922186,30.596251841792743
bootstrap_807,1e-08,0.9332410246976084,1000.0025341734531,303.4133615787167,1.0558210927130955e-05,0.5,9.612503092922186,27.68084293177722
bootstrap_808,1e-08,0.8761062790976009,1191.946260782931,284.5542847730402,1.0308186836170952e-05,0.5,10.02491318007013,30.437064771952983
bootstrap_809,1e-08,0.8761311815473593,1192.0071026657006,284.56325523711456,1.0308169479848656e-05,0.5,10.024942648669427,29.635687626640305
bootstrap_810,1e-08,0.8761062790976009,1191.946260782931,284.5542847730402,1.0308186836170952e-05,0.5,10.02491318007013,29.435137461838405
bootstrap_811,1e-08,0.87613118439722,1192.007091826338,284.5632568981185,1.0308169492945432e-05,0.5,10.024942625172693,27.953398072702306
bootstrap_812,1e-08,1.45726622957663,47787.54287999699,468.18455226913414,1.0605428413031132e-05,0.4998824560458495,9.53554475133855,29.770676061505057
bootstrap_813,1e-08,1.457266093083033,47787.535901860436,468.18455846942084,1.0605428303839158e-05,0.49988245589163527,9.535544929412637,27.234833775072197
bootstrap_814,1e-08,0.8761307677218253,1191.8952648709037,284.561916472323,1.0308245430113724e-05,0.5,10.024816023808736,30.724816108987948
bootstrap_815,1e-08,1.3263913369294809,32679.86342588731,275.61468992047793,1.0375547993028311e-05,0.4985066993552726,9.903898796718325,30.41322568048346
bootstrap_816,1e-08,0.9332437719285795,1000.0,303.414363102637,1.0558240246307131e-05,0.5,9.612454874071043,29.695942879586898
bootstrap_817,1e-08,0.8916245165528909,1166.7349628788766,289.55835376009657,1.0298792845572056e-05,0.5,10.039889539576505,29.530535523270714
bootstrap_818,1e-08,0.8916245165528909,1166.7349628788766,289.55835376009657,1.0298792845572056e-05,0.5,10.039889539576505,29.359235723129274
bootstrap_819,1e-08,1.4572663830837136,47787.53869523162,468.1845502767818,1.0605428345742039e-05,0.4998824559987366,9.53554486525941,31.012449242818157
bootstrap_820,1e-08,0.8761307677218253,1191.8952648709037,284.561916472323,1.0308245430113724e-05,0.5,10.024816023808736,30.194001933885954
bootstrap_821,1e-08,0.8916250094823241,1166.7347935518833,289.5585236605598,1.0298793300554806e-05,0.5,10.039888793903511,31.55858266656947
bootstrap_822,1e-08,0.8916245165528909,1166.7349628788766,289.55835376009657,1.0298792845572056e-05,0.5,10.039889539576505,29.32674110226264
bootstrap_823,1e-08,0.8761311531521956,1192.0070551482431,284.56324618452356,1.0308169463715466e-05,0.5,10.02494267296381,26.89446555894162
bootstrap_824,1e-08,0.8916245165528909,1166.7349628788766,289.55835376009657,1.0298792845572056e-05,0.5,10.039889539576505,28.457040404235787
bootstrap_825,1e-08,0.9332375032444813,1000.0000059428032,303.41233346864215,1.0558236366318102e-05,0.5,9.61246133434065,30.204532480880157
bootstrap_826,1e-08,0.8916242041675606,1166.735305161932,289.55824133226116,1.0298792426963708e-05,0.5,10.039890235769267,28.52354361497102
bootstrap_827,1e-08,0.9332399822158695,1000.0001004726977,303.41322466538236,1.0558240042473277e-05,0.5,9.612455227541595,31.427123656238642
bootstrap_828,1e-08,0.9332410246976084,1000.0025341734531,303.4133615787167,1.0558210927130955e-05,0.5,9.612503092922186,28.022896525882572
bootstrap_829,1e-08,0.9332375163334059,1000.0,303.41233316688806,1.0558236460061365e-05,0.5,9.612461175273127,30.021445697142806
bootstrap_830,1e-08,0.8916245165528909,1166.7349628788766,289.55835376009657,1.0298792845572056e-05,0.5,10.039889539576505,30.319192716780172
bootstrap_831,1e-08,0.9332375163334059,1000.0,303.41233316688806,1.0558236460061365e-05,0.5,9.612461175273127,30.04737652259667
bootstrap_832,1e-08,0.8916242041675606,1166.735305161932,289.55824133226116,1.0298792426963708e-05,0.5,10.039890235769267,29.443710489092474
bootstrap_833,1e-08,0.8916245165528909,1166.7349628788766,289.55835376009657,1.0298792845572056e-05,0.5,10.039889539576505,30.0032258948328
bootstrap_834,1e-08,1.4572662584370701,47787.53624460999,468.18459489829,1.0605428368892625e-05,0.4998824557845113,9.535544812938648,28.24802621033331
bootstrap_835,1e-08,1.4987829323071429,47907.526561663726,458.820609274271,1.063520849140515e-05,0.49995322972978784,9.489395578614603,30.743625070032284
bootstrap_836,1e-08,0.876106266685217,1191.9462841954623,284.5542811621784,1.0308186833924092e-05,0.5,10.024913184002067,33.03738978358597
bootstrap_837,1e-08,0.8761311531521956,1192.0070551482431,284.56324618452356,1.0308169463715466e-05,0.5,10.02494267296381,28.04162751686245
bootstrap_838,1e-08,0.9333490789370199,1000.0069450364084,303.44846561199165,1.0558253137484511e-05,0.5,9.612433085775484,29.312334869156974
bootstrap_839,1e-08,0.8916245165528909,1166.7349628788766,289.55835376009657,1.0298792845572056e-05,0.5,10.039889539576505,28.985184208669786
bootstrap_840,1e-08,0.8916245165528909,1166.7349628788766,289.55835376009657,1.0298792845572056e-05,0.5,10.039889539576505,28.92013704511823
bootstrap_841,1e-08,0.9332410415438931,1000.0025249751953,303.41335879357587,1.0558210993413977e-05,0.5,9.612502983148499,29.003521067579182
bootstrap_842,1e-08,0.8916245165528909,1166.7349628788766,289.55835376009657,1.0298792845572056e-05,0.5,10.039889539576505,32.37106495615561
bootstrap_843,1e-08,1.4572663225443512,47787.52926380719,468.18454797191634,1.0605428317241254e-05,0.49988245549623866,9.535544898350262,26.557488883046783
bootstrap_844,1e-08,0.8916245165528909,1166.7349628788766,289.55835376009657,1.0298792845572056e-05,0.5,10.039889539576505,29.847042894028526
bootstrap_845,1e-08,0.8761311531521956,1192.0070551482431,284.56324618452356,1.0308169463715466e-05,0.5,10.02494267296381,29.21887255838915
bootstrap_846,1e-08,0.8916245165528909,1166.7349628788766,289.55835376009657,1.0298792845572056e-05,0.5,10.039889539576505,34.63278466910219
bootstrap_847,1e-08,0.9332410284650944,1000.0025317790187,303.4133612403615,1.0558211001466802e-05,0.5,9.61250296867934,28.76857771649086
bootstrap_848,1e-08,0.9333490789370199,1000.0069450364084,303.44846561199165,1.0558253137484511e-05,0.5,9.612433085775484,29.85420880809619
bootstrap_849,1e-08,0.9332375032444813,1000.0000059428032,303.41233346864215,1.0558236366318102e-05,0.5,9.61246133434065,32.14104970252144
bootstrap_850,1e-08,0.8916242041675606,1166.735305161932,289.55824133226116,1.0298792426963708e-05,0.5,10.039890235769267,30.101252193072895
bootstrap_851,1e-08,0.8916245165528909,1166.7349628788766,289.55835376009657,1.0298792845572056e-05,0.5,10.039889539576505,28.74242354225351
bootstrap_852,1e-08,0.8916245165528909,1166.7349628788766,289.55835376009657,1.0298792845572056e-05,0.5,10.039889539576505,28.03215481679244
bootstrap_853,1e-08,0.8916245165528909,1166.7349628788766,289.55835376009657,1.0298792845572056e-05,0.5,10.039889539576505,30.001839704041057
bootstrap_854,1e-08,0.9332375742836243,1000.0,303.4120229360503,1.05582401093446e-05,0.5,9.612455170723944,28.468998264342023
bootstrap_855,1e-08,0.8916245165528909,1166.7349628788766,289.55835376009657,1.0298792845572056e-05,0.5,10.039889539576505,30.17059432920444
bootstrap_856,1e-08,0.9332398358898284,1000.0007408938739,303.41292404009175,1.0558237942467443e-05,0.5,9.612458692460713,29.487113350205213
bootstrap_857,1e-08,0.87613118439722,1192.007091826338,284.5632568981185,1.0308169492945432e-05,0.5,10.024942625172693,29.825080667143272
bootstrap_858,1e-08,0.8916245165528909,1166.7349628788766,289.55835376009657,1.0298792845572056e-05,0.5,10.039889539576505,30.60858496482989
bootstrap_859,1e-08,0.8916245165528909,1166.7349628788766,289.55835376009657,1.0298792845572056e-05,0.5,10.039889539576505,30.08467531306061
bootstrap_860,1e-08,0.8761311531521956,1192.0070551482431,284.56324618452356,1.0308169463715466e-05,0.5,10.02494267296381,28.92745745958545
bootstrap_861,1e-08,0.8916242041675606,1166.735305161932,289.55824133226116,1.0298792426963708e-05,0.5,10.039890235769267,27.581462135093723
bootstrap_862,1e-08,0.8916245165528909,1166.7349628788766,289.55835376009657,1.0298792845572056e-05,0.5,10.039889539576505,28.522466852497345
bootstrap_863,1e-08,0.9326742407694801,1000.0335009960052,303.22099266836796,1.0557879652855874e-05,0.5,9.613051104128282,29.973434553375263
bootstrap_864,1e-08,0.8916245165528909,1166.7349628788766,289.55835376009657,1.0298792845572056e-05,0.5,10.039889539576505,28.31507339468235
bootstrap_865,1e-08,0.9332375163334059,1000.0,303.41233316688806,1.0558236460061365e-05,0.5,9.612461175273127,28.17516882651771
bootstrap_866,1e-08,0.8916245165528909,1166.7349628788766,289.55835376009657,1.0298792845572056e-05,0.5,10.039889539576505,31.98911995476302
bootstrap_867,1e-08,0.8916250094823241,1166.7347935518833,289.5585236605598,1.0298793300554806e-05,0.5,10.039888793903511,29.737797946872437
bootstrap_868,1e-08,0.8916245165528909,1166.7349628788766,289.55835376009657,1.0298792845572056e-05,0.5,10.039889539576505,29.510694106583763
bootstrap_869,1e-08,0.8916245165528909,1166.7349628788766,289.55835376009657,1.0298792845572056e-05,0.5,10.039889539576505,31.671920287304253
bootstrap_870,1e-08,1.457266448491434,47787.53665023049,468.1845604098779,1.0605428287353981e-05,0.49988245597136405,9.535544965177532,27.98487936205417
bootstrap_871,1e-08,0.8916250438527016,1166.7349921633995,289.55853982884594,1.0298793096197225e-05,0.5,10.039889128831149,29.98483748428485
bootstrap_872,1e-08,0.8916245165528909,1166.7349628788766,289.55835376009657,1.0298792845572056e-05,0.5,10.039889539576505,30.366694358997442
bootstrap_873,1e-08,0.9332410246976084,1000.0025341734531,303.4133615787167,1.0558210927130955e-05,0.5,9.612503092922186,30.63235364869162
bootstrap_874,1e-08,0.9332403836660781,1000.0,303.413304415037,1.0558238817349315e-05,0.5,9.612457233109208,29.45340659725907
bootstrap_875,1e-08,0.8761311531521956,1192.0070551482431,284.56324618452356,1.0308169463715466e-05,0.5,10.02494267296381,28.846608990993907
bootstrap_876,1e-08,0.9332375181142523,1000.0,303.41233851028016,1.0558236296896424e-05,0.5,9.612461445256752,31.417676399441504
bootstrap_877,1e-08,0.8761062790976009,1191.946260782931,284.5542847730402,1.0308186836170952e-05,0.5,10.02491318007013,29.03550975387079
bootstrap_878,1e-08,0.9334900488859423,1000.0594609297485,303.49937002438537,1.0558450618808914e-05,0.5,9.612109954108526,31.377810118776345
bootstrap_879,1e-08,0.8916245165528909,1166.7349628788766,289.55835376009657,1.0298792845572056e-05,0.5,10.039889539576505,29.86870052086832
bootstrap_880,1e-08,0.9332375163334059,1000.0,303.41233316688806,1.0558236460061365e-05,0.5,9.612461175273127,29.55913456193851
bootstrap_881,1e-08,0.8786237377267874,1195.5470568129554,285.76076338878363,1.0328163593382256e-05,0.5,9.992312946418968,29.586536965547324
bootstrap_882,1e-08,0.9332336545651436,1000.0003827898386,303.41109048913705,1.0558234186729612e-05,0.5,9.612464938547603,29.418113674608296
bootstrap_883,1e-08,0.9332375163334059,1000.0,303.41233316688806,1.0558236460061365e-05,0.5,9.612461175273127,31.38217127683086
bootstrap_884,1e-08,0.8916250735432341,1166.7353000292958,289.55852508277235,1.029879307749433e-05,0.5,10.039889168006576,30.34992176409635
bootstrap_885,1e-08,0.8761062790976009,1191.946260782931,284.5542847730402,1.0308186836170952e-05,0.5,10.02491318007013,32.10707649106846
bootstrap_886,1e-08,0.8916245165528909,1166.7349628788766,289.55835376009657,1.0298792845572056e-05,0.5,10.039889539576505,29.066680025228834
bootstrap_887,1e-08,0.8916245165528909,1166.7349628788766,289.55835376009657,1.0298792845572056e-05,0.5,10.039889539576505,30.129008602450273
bootstrap_888,1e-08,0.87613118439722,1192.007091826338,284.5632568981185,1.0308169492945432e-05,0.5,10.024942625172693,27.559378032401202
bootstrap_889,1e-08,0.8916245165528909,1166.7349628788766,289.55835376009657,1.0298792845572056e-05,0.5,10.039889539576505,29.734683292507697
bootstrap_890,1e-08,0.9332375239808407,1000.0000004451979,303.4123374147342,1.0558236481692792e-05,0.5,9.612461140306241,29.514511461979566
bootstrap_891,1e-08,0.9332375163334059,1000.0,303.41233316688806,1.0558236460061365e-05,0.5,9.612461175273127,32.53417836312076
bootstrap_892,1e-08,0.9332375181142523,1000.0,303.41233851028016,1.0558236296896424e-05,0.5,9.612461445256752,32.82127708278201
bootstrap_893,1e-08,0.8916250094823241,1166.7347935518833,289.5585236605598,1.0298793300554806e-05,0.5,10.039888793903511,29.780081490472423
bootstrap_894,1e-08,0.8761062790976009,1191.946260782931,284.5542847730402,1.0308186836170952e-05,0.5,10.02491318007013,28.47512776955599
bootstrap_895,1e-08,0.8761062790976009,1191.946260782931,284.5542847730402,1.0308186836170952e-05,0.5,10.02491318007013,31.06260193377476
bootstrap_896,1e-08,0.9332410246976084,1000.0025341734531,303.4133615787167,1.0558210927130955e-05,0.5,9.612503092922186,28.054538143547873
bootstrap_897,1e-08,1.457266109032168,47787.54182148495,468.1845476506195,1.0605428425838277e-05,0.4998824557935659,9.53554472953638,31.3214904093892
bootstrap_898,1e-08,0.8916245165528909,1166.7349628788766,289.55835376009657,1.0298792845572056e-05,0.5,10.039889539576505,29.495060886575466
bootstrap_899,1e-08,0.9333490789370199,1000.0069450364084,303.44846561199165,1.0558253137484511e-05,0.5,9.612433085775484,30.91679687962947
bootstrap_900,1e-08,0.8761062790976009,1191.946260782931,284.5542847730402,1.0308186836170952e-05,0.5,10.02491318007013,30.123298061316227
bootstrap_901,1e-08,0.876106266685217,1191.9462841954623,284.5542811621784,1.0308186833924092e-05,0.5,10.024913184002067,29.159710849768555
bootstrap_902,1e-08,0.9332370243441571,1000.0000032299715,303.4121776132011,1.0558236222629666e-05,0.5,9.612461568052986,29.24493387624247
bootstrap_903,1e-08,0.8916245165528909,1166.7349628788766,289.55835376009657,1.0298792845572056e-05,0.5,10.039889539576505,29.356316507940903
bootstrap_904,1e-08,0.8916245165528909,1166.7349628788766,289.55835376009657,1.0298792845572056e-05,0.5,10.039889539576505,31.95001874838389
bootstrap_905,1e-08,0.8761311531521956,1192.0070551482431,284.56324618452356,1.0308169463715466e-05,0.5,10.02494267296381,29.578181640673705
bootstrap_906,1e-08,0.9332410246976084,1000.0025341734531,303.4133615787167,1.0558210927130955e-05,0.5,9.612503092922186,27.76871994461883
bootstrap_907,1e-08,0.8761307677218253,1191.8952648709037,284.561916472323,1.0308245430113724e-05,0.5,10.024816023808736,31.929752074328018
bootstrap_908,1e-08,0.8916250329739062,1166.7354642198325,289.5585338454613,1.0298793019480844e-05,0.5,10.039889258114034,28.61601659764593
bootstrap_909,1e-08,0.8916245165528909,1166.7349628788766,289.55835376009657,1.0298792845572056e-05,0.5,10.039889539576505,29.079838654016722
bootstrap_910,1e-08,0.8916248863208696,1166.7345434680474,289.5585025669036,1.0298793548322382e-05,0.5,10.039888365995235,29.72076527584514
bootstrap_911,1e-08,0.8761311531521956,1192.0070551482431,284.56324618452356,1.0308169463715466e-05,0.5,10.02494267296381,32.06523052312737
bootstrap_912,1e-08,0.8761062790976009,1191.946260782931,284.5542847730402,1.0308186836170952e-05,0.5,10.02491318007013,28.957039157486054
bootstrap_913,1e-08,0.8735022946999506,1190.7300043901448,283.6463476658042,1.030664447364666e-05,0.5,10.027409090099514,29.771522924911277
bootstrap_914,1e-08,0.9332376123899118,1000.0001142067339,303.4123873655857,1.055823485026267e-05,0.5,9.61246376108934,31.422889284979078
bootstrap_915,1e-08,0.8916245165528909,1166.7349628788766,289.55835376009657,1.0298792845572056e-05,0.5,10.039889539576505,29.65834449339612
bootstrap_916,1e-08,0.9333490789370199,1000.0069450364084,303.44846561199165,1.0558253137484511e-05,0.5,9.612433085775484,28.270125286368618
bootstrap_917,1e-08,0.8916248863208696,1166.7345434680474,289.5585025669036,1.0298793548322382e-05,0.5,10.039888365995235,28.668401199670953
bootstrap_918,1e-08,0.9332410246976084,1000.0025341734531,303.4133615787167,1.0558210927130958e-05,0.5,9.612503092922186,30.26205274895809
bootstrap_919,1e-08,0.8761062790976009,1191.946260782931,284.5542847730402,1.0308186836170952e-05,0.5,10.02491318007013,31.191438760670202
bootstrap_920,1e-08,0.8916245165528909,1166.7349628788766,289.55835376009657,1.0298792845572056e-05,0.5,10.039889539576505,28.70579393279204
bootstrap_921,1e-08,0.9332375163334059,1000.0,303.41233316688806,1.0558236460061365e-05,0.5,9.612461175273127,29.9156719196273
bootstrap_922,1e-08,0.876106266685217,1191.9462841954623,284.5542811621784,1.0308186833924092e-05,0.5,10.024913184002067,28.711981169798758
bootstrap_923,1e-08,0.9332375163334059,1000.0,303.41233316688806,1.0558236460061365e-05,0.5,9.612461175273127,30.812032797621175
bootstrap_924,1e-08,0.8761062790976009,1191.946260782931,284.5542847730402,1.0308186836170952e-05,0.5,10.02491318007013,31.713376416228414
bootstrap_925,1e-08,0.9332410246976084,1000.0025341734531,303.4133615787167,1.0558210927130955e-05,0.5,9.612503092922186,27.96585017900038
bootstrap_926,1e-08,0.9332403836660781,1000.0,303.413304415037,1.0558238817349315e-05,0.5,9.612457233109208,28.409989052137632
bootstrap_927,1e-08,0.9332375418999094,1000.0,303.4123350003576,1.0558236408287504e-05,0.5,9.612461257877982,29.121616821011063
bootstrap_928,1e-08,0.8916245165528909,1166.7349628788766,289.55835376009657,1.0298792845572056e-05,0.5,10.039889539576505,29.547542814018207
bootstrap_929,1e-08,0.8916245165528909,1166.7349628788766,289.55835376009657,1.0298792845572056e-05,0.5,10.039889539576505,31.04521769454666
bootstrap_930,1e-08,0.9333490789370199,1000.0069450364084,303.44846561199165,1.0558253137484511e-05,0.5,9.612433085775484,30.63480894330105
bootstrap_931,1e-08,0.8786783147971899,1195.8484018320787,285.7718437576078,1.0327804859127084e-05,0.5,9.992875344884606,30.769073313065856
bootstrap_932,1e-08,0.8916245165528909,1166.7349628788766,289.55835376009657,1.0298792845572056e-05,0.5,10.039889539576505,30.25259813593751
bootstrap_933,1e-08,0.8761311531521956,1192.0070551482431,284.56324618452356,1.0308169463715466e-05,0.5,10.02494267296381,31.574194623053835
bootstrap_934,1e-08,1.4987829934826697,47907.54772333875,458.8206960897089,1.0635208716298607e-05,0.49995322996412267,9.489395248272775,28.32694815284239
bootstrap_935,1e-08,0.9332375163334059,1000.0,303.41233316688806,1.0558236460061365e-05,0.5,9.612461175273127,29.599990265612394
bootstrap_936,1e-08,0.8916245165528909,1166.7349628788766,289.55835376009657,1.0298792845572056e-05,0.5,10.039889539576505,30.708138719784547
bootstrap_937,1e-08,0.8916248658971027,1166.7365999316412,289.5584898351691,1.0298793926091853e-05,0.5,10.039887780462948,31.771308491546655
bootstrap_938,1e-08,0.9332370471186788,1000.0000066640214,303.4121737919714,1.0558236255427383e-05,0.5,9.612461517855461,30.314873825842678
bootstrap_939,1e-08,0.876106266685217,1191.9462841954623,284.5542811621784,1.0308186833924092e-05,0.5,10.024913184002067,30.213897610383324
bootstrap_940,1e-08,0.9332381302671287,1000.0000026630569,303.41250120665256,1.0558236970812283e-05,0.5,9.612460328042474,31.603747016263092
bootstrap_941,1e-08,0.8916245165528909,1166.7349628788766,289.55835376009657,1.0298792845572056e-05,0.5,10.039889539576505,29.909706649194064
bootstrap_942,1e-08,0.8916250094823241,1166.7347935518833,289.5585236605598,1.0298793300554806e-05,0.5,10.039888793903511,29.847618149297908
bootstrap_943,1e-08,1.4572661461101606,47787.54282194277,468.18455204413647,1.0605428542104124e-05,0.4998824556445688,9.5355445296771,28.301244258375267
bootstrap_944,1e-08,1.457266008506318,47787.54097555579,468.1845433081888,1.0605428452457568e-05,0.4998824556658674,9.535544676352497,27.89000848660862
bootstrap_945,1e-08,0.9333490789370199,1000.0069450364084,303.44846561199165,1.0558253137484511e-05,0.5,9.612433085775484,29.008594593558584
bootstrap_946,1e-08,0.8916245165528909,1166.7349628788766,289.55835376009657,1.0298792845572056e-05,0.5,10.039889539576505,29.421405926191714
bootstrap_947,1e-08,0.9332410246976084,1000.0025341734531,303.4133615787167,1.0558210927130955e-05,0.5,9.612503092922186,28.27546666473021
bootstrap_948,1e-08,0.8916245165528909,1166.7349628788766,289.55835376009657,1.0298792845572056e-05,0.5,10.039889539576505,30.014246687798046
bootstrap_949,1e-08,0.8916245165528909,1166.7349628788766,289.55835376009657,1.0298792845572056e-05,0.5,10.039889539576505,30.450779590436657
bootstrap_950,1e-08,0.8916245165528909,1166.7349628788766,289.55835376009657,1.0298792845572056e-05,0.5,10.039889539576505,29.165871370164172
bootstrap_951,1e-08,0.8916245165528909,1166.7349628788766,289.55835376009657,1.0298792845572056e-05,0.5,10.039889539576505,29.492168555866797
bootstrap_952,1e-08,0.9333490789370199,1000.0069450364084,303.44846561199165,1.0558253137484511e-05,0.5,9.612433085775484,27.457091849898784
bootstrap_953,1e-08,0.9332375163334059,1000.0,303.41233316688806,1.0558236460061365e-05,0.5,9.612461175273127,29.909174947172765
bootstrap_954,1e-08,0.8916248694141281,1166.7366573670838,289.5584912268605,1.0298793919849078e-05,0.5,10.039887790964892,29.346243742203548
bootstrap_955,1e-08,1.457266416818422,47787.53664842597,468.18455992933264,1.06054282515234e-05,0.49988245606852033,9.535545027695225,29.151171546422557
bootstrap_956,1e-08,0.87613118439722,1192.007091826338,284.5632568981185,1.0308169492945432e-05,0.5,10.024942625172693,28.912990195783504
bootstrap_957,1e-08,0.8785886576891966,1195.5500924031867,285.7499132043538,1.032819472231571e-05,0.5,9.99226297821665,31.641675693747022
bootstrap_958,1e-08,0.8916245165528909,1166.7349628788766,289.55835376009657,1.0298792845572056e-05,0.5,10.039889539576505,31.173415482894566
bootstrap_959,1e-08,0.9332410284650944,1000.0025317790187,303.4133612403615,1.0558211001466802e-05,0.5,9.61250296867934,28.460831855246727
bootstrap_960,1e-08,0.8916245165528909,1166.7349628788766,289.55835376009657,1.0298792845572056e-05,0.5,10.039889539576505,30.97410084284466
bootstrap_961,1e-08,0.9333490789370199,1000.0069450364084,303.44846561199165,1.0558253137484511e-05,0.5,9.612433085775484,30.40290676659126
bootstrap_962,1e-08,0.8761311531521956,1192.0070551482431,284.56324618452356,1.0308169463715466e-05,0.5,10.02494267296381,27.92088806342768
bootstrap_963,1e-08,0.8761062790976009,1191.946260782931,284.5542847730402,1.0308186836170952e-05,0.5,10.02491318007013,30.687715426035545
bootstrap_964,1e-08,0.8761062790976009,1191.946260782931,284.5542847730402,1.0308186836170952e-05,0.5,10.02491318007013,30.104991032503477
bootstrap_965,1e-08,0.9332375163334059,1000.0,303.41233316688806,1.0558236460061365e-05,0.5,9.612461175273127,29.059023733388287
bootstrap_966,1e-08,0.8916245165528909,1166.7349628788766,289.55835376009657,1.0298792845572056e-05,0.5,10.039889539576505,32.192670773555335
bootstrap_967,1e-08,0.9332189880467043,1000.0029628273203,303.40613061390616,1.0558227202223079e-05,0.5,9.612476736555479,30.34202559951641
bootstrap_968,1e-08,0.9332375163334059,1000.0,303.41233316688806,1.0558236460061365e-05,0.5,9.612461175273127,28.402690727742073
bootstrap_969,1e-08,0.9332375163334059,1000.0,303.41233316688806,1.0558236460061365e-05,0.5,9.612461175273127,27.679463404429423
bootstrap_970,1e-08,0.8761307677218253,1191.8952648709037,284.561916472323,1.0308245430113724e-05,0.5,10.024816023808736,33.19672323601288
bootstrap_971,1e-08,0.9332375163334059,1000.0,303.41233316688806,1.0558236460061365e-05,0.5,9.612461175273127,29.783862391743646
bootstrap_972,1e-08,0.8916245165528909,1166.7349628788766,289.55835376009657,1.0298792845572056e-05,0.5,10.039889539576505,28.419486923428384
bootstrap_973,1e-08,0.8916245165528909,1166.7349628788766,289.55835376009657,1.0298792845572056e-05,0.5,10.039889539576505,31.5870289359197
bootstrap_974,1e-08,0.8916245165528909,1166.7349628788766,289.55835376009657,1.0298792845572056e-05,0.5,10.039889539576505,31.000554798954198
bootstrap_975,1e-08,0.9332410246976084,1000.0025341734531,303.4133615787167,1.0558210927130955e-05,0.5,9.612503092922186,31.29571063832414
bootstrap_976,1e-08,0.9332374755010049,1000.0000177729711,303.4123225126972,1.055823653177519e-05,0.5,9.612461059399347,30.83078038316695
bootstrap_977,1e-08,0.8916245165528909,1166.7349628788766,289.55835376009657,1.0298792845572056e-05,0.5,10.039889539576505,32.57328211945691
bootstrap_978,1e-08,0.9333490789370199,1000.0069450364084,303.44846561199165,1.0558253137484511e-05,0.5,9.612433085775484,28.957676432637736
bootstrap_979,1e-08,0.8761062790976009,1191.946260782931,284.5542847730402,1.0308186836170952e-05,0.5,10.02491318007013,28.743267599203303
bootstrap_980,1e-08,1.4486118991324708,47914.277327880955,467.7666426404353,1.0608692170856578e-05,0.4998769125174238,9.529889387341306,29.025044347146544
bootstrap_981,1e-08,0.9332375096042895,1000.0000098916632,303.4123314173679,1.0558236477492854e-05,0.5,9.61246114709575,30.919506276569724
bootstrap_982,1e-08,0.9332410246976084,1000.0025341734531,303.4133615787167,1.0558210927130955e-05,0.5,9.612503092922186,28.639907278070325
bootstrap_983,1e-08,0.8916245165528909,1166.7349628788766,289.55835376009657,1.0298792845572056e-05,0.5,10.039889539576505,29.91261843892677
bootstrap_984,1e-08,0.8916245165528909,1166.7349628788766,289.55835376009657,1.0298792845572056e-05,0.5,10.039889539576505,29.873934756991893
bootstrap_985,1e-08,0.8916245165528909,1166.7349628788766,289.55835376009657,1.0298792845572056e-05,0.5,10.039889539576505,27.28997654609711
bootstrap_986,1e-08,0.8916245165528909,1166.7349628788766,289.55835376009657,1.0298792845572056e-05,0.5,10.039889539576505,29.292150154580803
bootstrap_987,1e-08,1.4572664266313793,47787.54456762258,468.1845551872032,1.0605428418891401e-05,0.499882455911355,9.53554475130689,28.96246230683166
bootstrap_988,1e-08,0.8761311815473593,1192.0071026657006,284.56325523711456,1.0308169479848656e-05,0.5,10.024942648669427,29.318171016743193
bootstrap_989,1e-08,0.8916245165528909,1166.7349628788766,289.55835376009657,1.0298792845572056e-05,0.5,10.039889539576505,31.645409981711794
bootstrap_990,1e-08,0.8916245165528909,1166.7349628788766,289.55835376009657,1.0298792845572056e-05,0.5,10.039889539576505,30.9408440693984
bootstrap_991,1e-08,0.9332375163334059,1000.0,303.41233316688806,1.0558236460061365e-05,0.5,9.612461175273127,30.714090522256047
bootstrap_992,1e-08,0.8916245165528909,1166.7349628788766,289.55835376009657,1.0298792845572056e-05,0.5,10.039889539576505,28.79162502149228
bootstrap_993,1e-08,0.8916245165528909,1166.7349628788766,289.55835376009657,1.0298792845572056e-05,0.5,10.039889539576505,31.355065507149988
bootstrap_994,1e-08,0.8916245165528909,1166.7349628788766,289.55835376009657,1.0298792845572056e-05,0.5,10.039889539576505,30.0646700484465
bootstrap_995,1e-08,1.4572661539293783,47787.541661121824,468.18455708447425,1.0605428408492618e-05,0.49988245590891367,9.535544755450523,27.28398133484389
bootstrap_996,1e-08,0.8916245165528909,1166.7349628788766,289.55835376009657,1.0298792845572056e-05,0.5,10.039889539576505,31.499086245350913
bootstrap_997,1e-08,0.8916245165528909,1166.7349628788766,289.55835376009657,1.0298792845572056e-05,0.5,10.039889539576505,28.516636941778764
bootstrap_998,1e-08,0.8761311531521956,1192.0070551482431,284.56324618452356,1.0308169463715466e-05,0.5,10.02494267296381,28.780557554199667
bootstrap_999,1e-08,0.8761308269139687,1191.8955977567916,284.561928941287,1.0308245052052435e-05,0.5,10.0248166500211,31.80673878120684
bootstrap_1000,1e-08,0.8916242041675606,1166.735305161932,289.55824133226116,1.0298792426963708e-05,0.5,10.039890235769267,30.274883390602902
