type,beta,delta,p,c,gamma,roh,alpha,SSR
bootstrap_1,1e-08,0.030620954755264836,156.0,499.84329573530727,0.00026909093029409934,10.0,10.50521766426457,83.7959396552176
bootstrap_2,1e-08,0.030615842993574838,156.0,500.0,0.0002691088723249256,10.0,10.532263283041134,87.82343422895305
bootstrap_3,1e-08,0.010366064690570033,156.0,472.7350258018382,0.0005779058664428386,10.0,9.81629921957775,91.69588168934453
bootstrap_4,1e-08,0.04342929058832745,156.0,497.10194749312984,0.0002712147890810259,10.0,9.164949779677988,95.27072998912189
bootstrap_5,1e-08,0.05981707887660317,156.0,500.0,0.0006533073292921338,10.0,10.530510178760709,96.57452296157636
bootstrap_6,1e-08,0.010467034350056517,156.0,443.66755266183134,0.0005547672549931886,10.0,9.830014734294819,86.56387909191088
bootstrap_7,1e-08,0.045102846780200836,156.0,498.70201590048964,0.00027169803787486797,10.0,9.07791717378646,94.76085390137003
bootstrap_8,1e-08,0.010607147825075179,156.0,453.86878048998176,0.000544407000563772,10.0,9.834345644629822,87.49224182503397
bootstrap_9,1e-08,0.045051368325911986,156.0,498.64275578027355,0.0002716650887735666,10.0,9.081053454018768,99.49359865745863
bootstrap_10,1e-08,0.01,156.0,500.0,0.0002554,10.0,10.531370385024564,97.47220875451573
bootstrap_11,1e-08,0.047181700124312984,156.0,497.5896441622281,0.00026965637451390525,10.0,9.159617897490683,93.68288706570439
bootstrap_12,1e-08,0.030220250889381434,156.0,499.979451804011,0.00026940043950119633,10.0,10.53163203044919,81.98749995227121
bootstrap_13,1e-08,0.031091523746390716,156.0,499.98969758822193,0.0002694537806708889,10.0,10.529878892080056,89.49608068234838
bootstrap_14,1e-08,0.04460883361001579,156.0,498.26000974868185,0.00027135334958235666,10.0,9.083940720989267,92.00048174277117
bootstrap_15,1e-08,0.04594866010617131,156.0,498.0630314606015,0.00027254167526444197,10.0,8.994280175955549,91.42830397450719
bootstrap_16,1e-08,0.04512468949949416,156.0,498.71010538832473,0.00027170961843403485,10.0,9.076474333801658,95.12380123615985
bootstrap_17,1e-08,0.045303192010206536,156.0,496.7210985434074,0.00027231562999127114,10.0,9.16881865722311,92.04949596718063
bootstrap_18,1e-08,0.04249201031396763,156.0,458.96871409564784,0.00026714199690482663,10.0,9.150773736916186,98.07649829815043
bootstrap_19,1e-08,0.04469449174931744,156.0,498.2418427079084,0.0002719980676296236,10.0,9.154684280641094,88.84484952709589
bootstrap_20,1e-08,0.047178213432289486,156.0,497.5034182940583,0.00026965143054208287,10.0,9.162609557779579,96.1697010715531
bootstrap_21,1e-08,0.010425867489946224,156.0,447.5417604906361,0.0005633069422142444,10.0,9.812374012239385,94.07206036076245
bootstrap_22,1e-08,0.010617731970419408,156.0,453.2831463007932,0.0005462790694605246,10.0,9.838656734643083,91.58936175384893
bootstrap_23,1e-08,0.010358771671735701,156.0,473.2004081161054,0.0005789298376388524,10.0,9.81818142789788,93.539721759922
bootstrap_24,1e-08,0.010067463823395403,332.18856265772706,480.5370833227292,0.000791338167337877,10.0,10.299813002598205,83.32041218983977
bootstrap_25,1e-08,0.02991390220488397,156.0,499.99849754855325,0.00026868012688524687,10.0,10.53231195818799,88.37075521991395
bootstrap_26,1e-08,0.0600827666810249,156.0,500.0,0.0006540547136625448,10.0,10.53165163927078,91.45387733464126
bootstrap_27,1e-08,0.030725246733604498,156.0,500.0,0.00026915334696373173,10.0,10.532399999999996,99.72656630125022
bootstrap_28,1e-08,0.06058294455925167,156.0,500.0,0.0006156605859166087,10.0,10.53217040418011,82.86952236114911
bootstrap_29,1e-08,0.057421156057346406,156.0,466.6032248098427,0.0006148325016784846,10.0,10.467155180474752,88.07503199768527
bootstrap_30,1e-08,0.04343807127619602,156.0,497.13124307425005,0.00027122024148344795,10.0,9.163560581729826,91.84542862483876
bootstrap_31,1e-08,0.030615842993574838,156.0,500.0,0.0002691088723249256,10.0,10.532263283041134,93.76747769954942
bootstrap_32,1e-08,0.045294250194218365,156.0,496.71756840022266,0.0002723114022772003,10.0,9.16874726278655,87.32421251118637
bootstrap_33,1e-08,0.04470690798193429,156.0,498.21557548844646,0.00027166104304163924,10.0,9.109118560391863,94.00281875293494
bootstrap_34,1e-08,0.04412714586717392,156.0,493.5199203705055,0.000271202081579895,10.0,9.38402944438176,94.12966822247367
bootstrap_35,1e-08,0.030615842993574838,156.0,500.0,0.0002691088723249256,10.0,10.532263283041134,99.24002225305009
bootstrap_36,1e-08,0.043438547604281834,156.0,497.1320957895367,0.0002712205623096143,10.0,9.163518448305348,87.24406521309669
bootstrap_37,1e-08,0.01039471017710952,156.0,466.7577789601107,0.0005709871704752064,10.0,9.91092484854368,87.66488638676348
bootstrap_38,1e-08,0.044686151238631996,156.0,498.0959199740636,0.00027146526702025446,10.0,9.087258571572864,98.65818329362784
bootstrap_39,1e-08,0.03315357499354188,156.0,488.99066405170663,0.0002706132185685945,10.0,10.530759341745279,99.52713778058035
bootstrap_40,1e-08,0.04754828757224968,156.0,499.2628734423097,0.00026975252478696605,10.0,9.135922013069514,95.8037370320263
bootstrap_41,1e-08,0.04512437192538196,156.0,498.7101937808767,0.00027170937424393914,10.0,9.076475178162314,99.48101008783327
bootstrap_42,1e-08,0.010394647190882034,156.0,466.76904697402676,0.0005710043564926862,10.0,9.910880629820966,97.68300744472651
bootstrap_43,1e-08,0.04343075379707513,156.0,496.4178760995924,0.00027125630584356325,10.0,9.134081875326771,94.42797746539105
bootstrap_44,1e-08,0.044686151238631996,156.0,498.0959199740636,0.00027146526702025446,10.0,9.087258571572864,95.00522529578737
bootstrap_45,1e-08,0.044144195415998996,156.0,493.541809443852,0.00027121129877862103,10.0,9.383119805725242,92.72893176188734
bootstrap_46,1e-08,0.030615842993574838,156.0,500.0,0.0002691088723249256,10.0,10.532263283041134,103.78227640422521
bootstrap_47,1e-08,0.04467436007626052,156.0,498.5262144278164,0.00027136917793952513,10.0,9.083658962593638,97.96726577795333
bootstrap_48,1e-08,0.04512363934129542,156.0,498.71237373496376,0.00027170877755026566,10.0,9.076531840413907,95.31705611442611
bootstrap_49,1e-08,0.048607854084322874,156.0,493.2596188645946,0.00026912501598203205,10.0,9.470663920277545,86.51453665202045
bootstrap_50,1e-08,0.043438547604281834,156.0,497.1320957895367,0.0002712205623096143,10.0,9.163518448305348,91.32609716397914
bootstrap_51,1e-08,0.04557188143943748,156.0,497.8345633856338,0.00027189225116122694,10.0,9.047703087625482,92.9467123558462
bootstrap_52,1e-08,0.061449318700447675,18393.636273721677,358.5095978203909,0.00030929008003724163,8.63217199793186,9.54391220863732,92.25977783602009
bootstrap_53,1e-08,0.06056380442550754,156.0,499.99634546734615,0.0006583644861043191,10.0,10.5322552270006,89.12518732663433
bootstrap_54,1e-08,0.07426268618303422,27251.515331860428,470.2451618291939,0.0003647746902981245,9.960170902105023,9.021899142654316,101.36025544311893
bootstrap_55,1e-08,0.04300548981097555,156.0,458.2743655503863,0.0002672872419409297,10.0,9.121345930472845,90.88552997664267
bootstrap_56,1e-08,0.029922211770452855,156.0,500.0,0.0002685090484809036,10.0,10.5324,96.99806381601265
bootstrap_57,1e-08,0.0424920782844868,156.0,458.96865244277365,0.00026714203659018417,10.0,9.150772115899255,84.05504727609186
bootstrap_58,1e-08,0.029922830030794594,156.0,499.9998773760959,0.00026850926317583995,10.0,10.532397972958874,91.57452075496371
bootstrap_59,1e-08,0.043438547604281834,156.0,497.1320957895367,0.0002712205623096143,10.0,9.163518448305348,90.82750944853623
bootstrap_60,1e-08,0.043438547604281834,156.0,497.1320957895367,0.0002712205623096143,10.0,9.163518448305348,85.68700102248796
bootstrap_61,1e-08,0.04858709226216506,156.0,493.1593387471835,0.00026910793370213377,10.0,9.475008689906101,91.41911314839986
bootstrap_62,1e-08,0.05985709568964956,156.0,486.9353881810024,0.0006329971277323716,10.0,10.479690431384178,91.85886591813427
bootstrap_63,1e-08,0.04462019789793792,156.0,498.0031914603842,0.0002719113997725239,10.0,9.153101446948764,93.40314189775587
bootstrap_64,1e-08,0.0459661212412929,156.0,498.0668588017759,0.00027255204871725095,10.0,8.992790669991129,90.94752718885393
bootstrap_65,1e-08,0.043438547604281834,156.0,497.1320957895367,0.0002712205623096143,10.0,9.163518448305348,90.15705965420955
bootstrap_66,1e-08,0.044970568812102436,156.0,497.1433571618086,0.00027145215949594633,10.0,9.12292500216579,87.35560605696104
bootstrap_67,1e-08,0.03129693107787036,156.0,500.0,0.00026963437604032175,10.0,10.5324,91.12381490750273
bootstrap_68,1e-08,0.0322879069104402,156.0,488.938865802656,0.00027000099173829517,10.0,10.532396635484027,94.92956113443083
bootstrap_69,1e-08,0.01045578017610689,156.0,464.5949592231187,0.0005669213525411978,10.0,9.9152966950599,89.2179366044972
bootstrap_70,1e-08,0.04343075379707513,156.0,496.4178760995924,0.00027125630584356325,10.0,9.134081875326771,97.07898019228439
bootstrap_71,1e-08,0.04512476353639196,156.0,498.7104798071167,0.00027170952962831557,10.0,9.07646591548955,96.59248163569251
bootstrap_72,1e-08,0.010442201642953288,156.0,466.7866591955029,0.0005697104130740495,10.0,9.909074492700295,86.20950143440635
bootstrap_73,1e-08,0.04450705560454396,156.0,457.1863396590536,0.0002689122232642805,10.0,9.716844676639166,90.70224422436588
bootstrap_74,1e-08,0.04886784023107255,156.0,491.8958383368947,0.00026920191034002705,10.0,9.499898287962377,95.09391177079861
bootstrap_75,1e-08,0.042492046697734896,156.0,458.968683644854,0.0002671420188770523,10.0,9.150771817620305,85.51443767687296
bootstrap_76,1e-08,0.044686151238631996,156.0,498.0959199740636,0.00027146526702025446,10.0,9.087258571572864,94.8878554777666
bootstrap_77,1e-08,0.033232799114705815,156.0,489.32071877834863,0.00027066923135896147,10.0,10.532382205463163,94.69964258550701
bootstrap_78,1e-08,0.044686151238631996,156.0,498.0959199740636,0.00027146526702025446,10.0,9.087258571572864,87.34834375254106
bootstrap_79,1e-08,0.05757697221420191,156.0,499.9808459395655,0.000637244681081318,10.0,10.530612366739668,93.12552557364805
bootstrap_80,1e-08,0.043424790401036,156.0,496.4057910864281,0.0002712515028103189,10.0,9.134296470639773,93.29559054496433
bootstrap_81,1e-08,0.06019853445136908,156.0,500.0,0.000656808392401172,10.0,10.532384037243723,95.14030885344877
bootstrap_82,1e-08,0.045169749203972175,156.0,497.0776566708647,0.00027152008193530194,10.0,9.12511865458346,90.92699012602438
bootstrap_83,1e-08,0.04468613482392472,156.0,498.09594945333015,0.00027146525507092383,10.0,9.087258875940366,89.12273491440264
bootstrap_84,1e-08,0.010179972313678957,156.0,464.9319565550653,0.0005797878610646822,10.0,9.9207945797938,94.60239315708105
bootstrap_85,1e-08,0.03108899565919375,156.0,499.99945919638515,0.00026944868005893125,10.0,10.53216649775593,95.62141231669857
bootstrap_86,1e-08,0.04475888032816282,156.0,498.3170247271551,0.00027143926158203647,10.0,9.089414667255376,95.84189048668823
bootstrap_87,1e-08,0.010425866916819314,156.0,447.54169647706374,0.0005633069089484588,10.0,9.812374343390466,98.36978233624242
bootstrap_88,1e-08,0.04249201642945534,156.0,458.968599645474,0.00026714201282758816,10.0,9.150771073686993,93.64881277935949
bootstrap_89,1e-08,0.0449732038266457,156.0,497.2452876818829,0.0002714670885403124,10.0,9.122492498596499,90.44071553137904
bootstrap_90,1e-08,0.045163169315508365,156.0,498.5706178037735,0.0002717080679186681,10.0,9.079136437328604,99.958159283279
bootstrap_91,1e-08,0.044669702928550006,156.0,498.5194728602785,0.00027136624031830377,10.0,9.083809539036274,96.45525451035374
bootstrap_92,1e-08,0.044111254789617485,156.0,493.49085776160956,0.00027119950966924763,10.0,9.381656116770781,96.01635031433867
bootstrap_93,1e-08,0.060485077201184734,156.0,500.0,0.0006585488017592467,10.0,10.5324,87.10725808149111
bootstrap_94,1e-08,0.04545586808443142,156.0,496.9207901747484,0.00027238541972711666,10.0,9.17324618066287,101.10726790171232
bootstrap_95,1e-08,0.06319782583612088,156.0,500.0,0.0006376745002820113,10.0,10.531496212870888,99.28550558871962
bootstrap_96,1e-08,0.0449995305575067,156.0,496.8938916353618,0.00027148373606812967,10.0,9.128487647793973,83.76616524046918
bootstrap_97,1e-08,0.0434308094117029,156.0,496.41783929021466,0.0002712563278094228,10.0,9.134081466821721,95.23880505036878
bootstrap_98,1e-08,0.0449732038266457,156.0,497.2452876818829,0.0002714670885403124,10.0,9.122492498596499,87.80084487056902
bootstrap_99,1e-08,0.030615842993574838,156.0,500.0,0.0002691088723249256,10.0,10.532263283041134,89.60888188928506
bootstrap_100,1e-08,0.043438547604281834,156.0,497.1320957895367,0.0002712205623096143,10.0,9.163518448305348,96.05993539099886
bootstrap_101,1e-08,0.06319782583612088,156.0,500.0,0.0006376745002820113,10.0,10.531496212870888,97.02742070635365
bootstrap_102,1e-08,0.044962107429900866,156.0,497.0178232513362,0.00027144058794454203,10.0,9.128634911414268,93.46256000349298
bootstrap_103,1e-08,0.04342929058832745,156.0,497.10194749312984,0.0002712147890810259,10.0,9.164949779677988,81.3263569622934
bootstrap_104,1e-08,0.044758704842714124,156.0,498.3145469178362,0.0002714386686701238,10.0,9.08950344971344,89.41993380167203
bootstrap_105,1e-08,0.06027084954744037,156.0,500.0,0.000656480900109024,10.0,10.5324,93.33720035536906
bootstrap_106,1e-08,0.02991390220488397,156.0,499.99849754855325,0.00026868012688524687,10.0,10.53231195818799,88.96334879720983
bootstrap_107,1e-08,0.047174746988706454,156.0,497.55639885109554,0.0002696541769504992,10.0,9.161812192844305,89.2226021363569
bootstrap_108,1e-08,0.010505757959453493,156.0,446.93479467228343,0.0005664907539606311,10.0,9.763528770089263,86.69382392099322
bootstrap_109,1e-08,0.04470621820279361,156.0,498.2214610038484,0.0002716632032790272,10.0,9.109013105504502,99.02409583088787
bootstrap_110,1e-08,0.03324258832339551,156.0,489.3632942799086,0.0002706734718915684,10.0,10.532392009776137,90.09765547097204
bootstrap_111,1e-08,0.04526031490091108,156.0,497.92987645616626,0.00027180626720311844,10.0,9.095618993059453,89.93387070776922
bootstrap_112,1e-08,0.04449273356455461,156.0,497.7573070658307,0.0002713342705285237,10.0,9.107952212607527,90.9808066539903
bootstrap_113,1e-08,0.060072389851230534,156.0,500.0,0.000656006577845742,10.0,10.5324,92.5428698046956
bootstrap_114,1e-08,0.04163870942273473,156.0,498.87717955734263,0.00026985403074405393,10.0,9.017330783047178,95.24777412812216
bootstrap_115,1e-08,0.04343856131038022,156.0,497.1321125295157,0.0002712205711004854,10.0,9.163519169386586,86.63952216840103
bootstrap_116,1e-08,0.04529410180293855,156.0,496.717617995924,0.00027231134493074544,10.0,9.168755538363053,91.919716691516
bootstrap_117,1e-08,0.04494997715118011,156.0,496.90734034975424,0.00027140386786465344,10.0,9.121786387386523,99.6158298253921
bootstrap_118,1e-08,0.041639376527359925,156.0,498.87731777649776,0.00026985442157748086,10.0,9.017334579223192,88.677388365734
bootstrap_119,1e-08,0.04412714586717392,156.0,493.5199203705055,0.000271202081579895,10.0,9.38402944438176,87.98831846383686
bootstrap_120,1e-08,0.04494959603989937,156.0,496.9097861671345,0.00027140433130705443,10.0,9.121813238311738,95.05545689246541
bootstrap_121,1e-08,0.044977483761447765,156.0,497.20582372301135,0.00027145659689526965,10.0,9.121689046113376,89.84603671795158
bootstrap_122,1e-08,0.010507527990675742,156.0,446.6111084913303,0.0005662156062501344,10.0,9.763464009340638,93.50032603565705
bootstrap_123,1e-08,0.043424790401036,156.0,496.4057910864281,0.0002712515028103189,10.0,9.134296470639773,94.11299753952007
bootstrap_124,1e-08,0.010507538058424769,156.0,446.6120726330524,0.0005662161396890889,10.0,9.763446215359949,89.00195186233776
bootstrap_125,1e-08,0.04514707172680715,156.0,498.5922628659421,0.000271687792679356,10.0,9.079895854256272,89.51426804857729
bootstrap_126,1e-08,0.045102846780200836,156.0,498.70201590048964,0.00027169803787486797,10.0,9.07791717378646,93.62336225156878
bootstrap_127,1e-08,0.060147105329857634,156.0,487.5248114539646,0.0006301996269987392,10.0,10.53238451093516,92.64321383654743
bootstrap_128,1e-08,0.043424790401036,156.0,496.4057910864281,0.0002712515028103189,10.0,9.134296470639773,88.38239656267557
bootstrap_129,1e-08,0.010425458160474084,156.0,447.4805984056385,0.0005628651315492839,10.0,9.814076953537352,89.78500056432881
bootstrap_130,1e-08,0.045124131938346815,156.0,498.70939490517674,0.0002717091535869141,10.0,9.076468444387816,93.62389421136223
bootstrap_131,1e-08,0.01042447449110736,156.0,447.4763014067895,0.0005630839013673712,10.0,9.813818501719354,89.72666977106223
bootstrap_132,1e-08,0.044138249761894996,156.0,493.51845185259253,0.0002712063653491229,10.0,9.383817800776594,93.73342547268841
bootstrap_133,1e-08,0.044145557890499856,156.0,493.53862995919724,0.0002712110751672749,10.0,9.383219905225136,89.98217331981046
bootstrap_134,1e-08,0.031239060402684666,156.0,499.99914704506557,0.00026953450192497574,10.0,10.5321341896652,100.40157363285269
bootstrap_135,1e-08,0.04526734727994037,156.0,497.92634585112205,0.00027180668284183096,10.0,9.09510463180803,86.80837612268114
bootstrap_136,1e-08,0.030615842993574838,156.0,500.0,0.0002691088723249256,10.0,10.532263283041134,93.83805399976504
bootstrap_137,1e-08,0.045102846780200836,156.0,498.70201590048964,0.00027169803787486797,10.0,9.07791717378646,90.03734302158095
bootstrap_138,1e-08,0.04516973321175151,156.0,497.0774609062497,0.00027152020470447763,10.0,9.125111889060438,83.69369697999761
bootstrap_139,1e-08,0.0459922235091586,156.0,498.0185717669265,0.0002725637800327902,10.0,8.993554942796969,91.44388290218257
bootstrap_140,1e-08,0.010234011975579715,156.0,474.66001913186244,0.0005775433949563287,10.0,9.979776096388765,91.36444933426553
bootstrap_141,1e-08,0.045051379576438885,156.0,498.6425987795939,0.00027166507582228946,10.0,9.08104922980148,91.68367381069045
bootstrap_142,1e-08,0.029916149672245144,156.0,499.99863598064724,0.0002686816164334977,10.0,10.53231799133956,87.20075706979425
bootstrap_143,1e-08,0.043430632957944255,156.0,496.4176584958844,0.00027125622382751,10.0,9.134086074430513,93.07120576160068
bootstrap_144,1e-08,0.04442910222116905,156.0,497.79208715179067,0.0002713115142497889,10.0,9.107269402526153,98.69250305949919
bootstrap_145,1e-08,0.06113172041472141,156.0,474.44035252149973,0.0006343876905930583,10.0,10.5324,96.25642699189184
bootstrap_146,1e-08,0.010067533166410032,871.738409644947,480.8751755261811,0.0007933073874515991,10.0,10.308139347588796,96.37249578897476
bootstrap_147,1e-08,0.05734502055828472,156.0,500.0,0.0006087095415766919,10.0,10.532249617960854,96.09588833885134
bootstrap_148,1e-08,0.031048099632690045,156.0,499.9992686952542,0.00026941821273367345,10.0,10.532278417707552,87.65732346608294
bootstrap_149,1e-08,0.048125736833887614,156.0,499.90120958120986,0.0002700612474150442,10.0,9.116525355797222,89.19310509862376
bootstrap_150,1e-08,0.060642509637147644,156.0,500.0,0.0006593988147935482,10.0,10.532243640159017,90.07337752456856
bootstrap_151,1e-08,0.06034648581577614,156.0,500.0,0.0006574575302551061,10.0,10.531828187144908,86.90261602679823
bootstrap_152,1e-08,0.04526734727994037,156.0,497.92634585112205,0.00027180668284183096,10.0,9.09510463180803,98.53526639795919
bootstrap_153,1e-08,0.030615842993574838,156.0,500.0,0.0002691088723249256,10.0,10.532263283041134,97.46339627133833
bootstrap_154,1e-08,0.04470690798193429,156.0,498.21557548844646,0.00027166104304163924,10.0,9.109118560391863,90.79535661587379
bootstrap_155,1e-08,0.04467377575645187,156.0,498.5258972316146,0.00027136997843830096,10.0,9.083653330097874,90.67057062219493
bootstrap_156,1e-08,0.043430632957944255,156.0,496.4176584958844,0.00027125622382751,10.0,9.134086074430513,88.62932610951408
bootstrap_157,1e-08,0.04659067874609635,156.0,499.6931683916111,0.00026867351136196116,10.0,9.302652513222988,87.59123387270041
bootstrap_158,1e-08,0.060485077201184734,156.0,500.0,0.0006585488017592467,10.0,10.5324,80.98838753053901
bootstrap_159,1e-08,0.06440390245530694,156.0,500.0,0.0006478198140713882,10.0,10.532292632601685,95.78761169149037
bootstrap_160,1e-08,0.044477878700420845,156.0,497.77222339978476,0.0002713275583387521,10.0,9.107954834986721,84.20152744210611
bootstrap_161,1e-08,0.030615842993574838,156.0,500.0,0.0002691088723249256,10.0,10.532263283041134,95.68294324229156
bootstrap_162,1e-08,0.04447787099328245,156.0,497.7721780889574,0.0002713275529323427,10.0,9.107943885026552,93.73731923942677
bootstrap_163,1e-08,0.030725246733604498,156.0,500.0,0.00026915334696373173,10.0,10.532399999999996,85.8719043367357
bootstrap_164,1e-08,0.030971478193387882,16005.951255940305,316.6661612256169,0.00028883406855829464,8.306432085159702,9.999856920036978,93.12886280957959
bootstrap_165,1e-08,0.010234011975579715,156.0,474.66001913186244,0.0005775433949563287,10.0,9.979776096388765,95.69899117613564
bootstrap_166,1e-08,0.045102846780200836,156.0,498.70201590048964,0.00027169803787486797,10.0,9.07791717378646,94.17594653878292
bootstrap_167,1e-08,0.04467438822331195,156.0,498.52553576524065,0.0002713690261274492,10.0,9.083669858948682,90.86552772093548
bootstrap_168,1e-08,0.04481961882371821,156.0,498.55465310834643,0.0002714642276260468,10.0,9.086770529643495,90.89767999175163
bootstrap_169,1e-08,0.03138758643760089,156.0,499.99990254759444,0.00026969030513169156,10.0,10.5324,91.17599854786607
bootstrap_170,1e-08,0.04343857220117048,156.0,497.13208151570916,0.0002712205643244576,10.0,9.163518847345639,98.90137992388675
bootstrap_171,1e-08,0.06053427891110891,156.0,500.0,0.0006569205533156998,10.0,10.5324,96.35450611346495
bootstrap_172,1e-08,0.044764030093150366,156.0,498.3292995150763,0.00027144356556920725,10.0,9.088887396466264,88.92807165914664
bootstrap_173,1e-08,0.04463395858447705,156.0,498.3859813999402,0.00027130599272746697,10.0,9.083459964461191,90.41692715932739
bootstrap_174,1e-08,0.0449732038266457,156.0,497.2452876818829,0.0002714670885403124,10.0,9.122492498596499,99.62451862406176
bootstrap_175,1e-08,0.04475888032816282,156.0,498.3170247271551,0.00027143926158203647,10.0,9.089414667255376,96.45991571605593
bootstrap_176,1e-08,0.028927654202763983,156.0,500.0,0.0002679585978441638,10.0,10.531716332687653,90.92662947538203
bootstrap_177,1e-08,0.043438547604281834,156.0,497.1320957895367,0.0002712205623096143,10.0,9.163518448305348,92.33688795302575
bootstrap_178,1e-08,0.0434308094117029,156.0,496.41783929021466,0.0002712563278094228,10.0,9.134081466821721,96.88103729949994
bootstrap_179,1e-08,0.0600827666810249,156.0,500.0,0.0006540547136625448,10.0,10.53165163927078,101.68047728124778
bootstrap_180,1e-08,0.043438547604281834,156.0,497.1320957895367,0.0002712205623096143,10.0,9.163518448305348,96.1640032611549
bootstrap_181,1e-08,0.04467429885033498,156.0,498.52626263670476,0.00027136906607416956,10.0,9.083654163903997,90.84084245755088
bootstrap_182,1e-08,0.044679959009993594,156.0,498.53008253725693,0.00027137258222942415,10.0,9.083579646416528,92.04721077186645
bootstrap_183,1e-08,0.048125736833887614,156.0,499.90120958120986,0.0002700612474150443,10.0,9.116525355797222,79.64667130404146
bootstrap_184,1e-08,0.030874478410014,156.0,499.9924498551751,0.00026933783951092456,10.0,10.53204716997746,87.74376471264853
bootstrap_185,1e-08,0.010425867489946224,156.0,447.5417604906361,0.0005633069422142444,10.0,9.812374012239385,94.10588849615485
bootstrap_186,1e-08,0.045124131938346815,156.0,498.70939490517674,0.0002717091535869141,10.0,9.076468444387816,89.15941201415491
bootstrap_187,1e-08,0.042496631844236875,156.0,447.4904506999651,0.00026860214020947993,10.0,9.757863937368242,93.66823126633399
bootstrap_188,1e-08,0.045119192631685,156.0,497.95987258898595,0.00027169956493066033,10.0,9.11126816993874,82.05699057250503
bootstrap_189,1e-08,0.04505140043062846,156.0,498.64278273033045,0.0002716651007970306,10.0,9.08105506997083,105.41549198815326
bootstrap_190,1e-08,0.010507527990675742,156.0,446.6111084913303,0.0005662156062501344,10.0,9.763464009340638,85.79569685396783
bootstrap_191,1e-08,0.03318663858224215,156.0,489.1133282637844,0.0002706353831608095,10.0,10.53235480721851,87.93810070284488
bootstrap_192,1e-08,0.04424130021369537,156.0,493.65270735114916,0.000271261666504398,10.0,9.376159706876976,83.76967854190006
bootstrap_193,1e-08,0.03108213862906589,156.0,499.9971875348292,0.0002694331528453063,10.0,10.532211966782612,94.12947563265706
bootstrap_194,1e-08,0.04844640091105549,156.0,490.6448496966121,0.00026923952546647854,10.0,9.516347474609057,91.63621257740353
bootstrap_195,1e-08,0.04499960240344805,156.0,496.89395697642664,0.00027148377567716973,10.0,9.128489247164563,82.8325345626694
bootstrap_196,1e-08,0.04343841377110416,156.0,497.1323968691428,0.0002712205960407996,10.0,9.163504244189358,98.1704101513137
bootstrap_197,1e-08,0.06054587411205277,156.0,500.0,0.0006588477025097998,10.0,10.532198831127989,90.409384807631
bootstrap_198,1e-08,0.04466973289622178,156.0,498.5196485844474,0.00027136628657509036,10.0,9.083813778642485,95.07355706557112
bootstrap_199,1e-08,0.04510601760338209,156.0,497.0131289654472,0.000271558540860255,10.0,9.125700835993612,95.25643128724289
bootstrap_200,1e-08,0.045245172448762264,156.0,495.4068344682512,0.00026818532764854094,10.0,9.300820359966146,93.72240675870296
bootstrap_201,1e-08,0.060563220383677806,156.0,499.99640480580973,0.0006583428221826862,10.0,10.532256795456068,88.6795178938919
bootstrap_202,1e-08,0.04343061283899162,156.0,496.4184014569431,0.0002712562935707156,10.0,9.134095377796442,98.11677838774422
bootstrap_203,1e-08,0.04343837902563161,156.0,497.1324232001659,0.0002712205026425714,10.0,9.163526904458312,88.55090046913048
bootstrap_204,1e-08,0.045124131938346815,156.0,498.70939490517674,0.0002717091535869141,10.0,9.076468444387816,97.02888715473902
bootstrap_205,1e-08,0.03096734647724957,156.0,499.9592102683537,0.00026936307985661964,10.0,10.529718197117301,84.218408450357
bootstrap_206,1e-08,0.04812678231762513,156.0,499.901479544924,0.0002700620981725673,10.0,9.116471115508261,85.52305170445746
bootstrap_207,1e-08,0.04494959603989937,156.0,496.9097861671345,0.00027140433130705443,10.0,9.121813238311738,87.69757578437351
bootstrap_208,1e-08,0.05981707887660317,156.0,500.0,0.0006533073292921338,10.0,10.530510178760709,101.19712906659362
bootstrap_209,1e-08,0.04596587552822032,156.0,498.065730162933,0.00027255188820067674,10.0,8.992807087965561,92.18584898196717
bootstrap_210,1e-08,0.04858709226216506,156.0,493.1593387471835,0.00026910793370213377,10.0,9.475008689906101,82.72878696125774
bootstrap_211,1e-08,0.043438547604281834,156.0,497.1320957895367,0.0002712205623096143,10.0,9.163518448305348,95.40845957152054
bootstrap_212,1e-08,0.01,156.0,500.0,0.0002554,10.0,10.531370385024564,95.90332373832409
bootstrap_213,1e-08,0.04486797509257805,156.0,498.36915186809415,0.0002720806078349182,10.0,9.151570252283216,94.97526578505249
bootstrap_214,1e-08,0.01,156.0,500.0,0.0002554,10.0,10.531370385024564,94.22945487355554
bootstrap_215,1e-08,0.0451199467138198,156.0,497.96384028493827,0.00027169992439111067,10.0,9.111315652036557,85.95602763694691
bootstrap_216,1e-08,0.031034751190661135,156.0,500.0,0.000269390259581103,10.0,10.5324,94.9106319276347
bootstrap_217,1e-08,0.03134686245800102,156.0,499.9730802012641,0.0002696990514822333,10.0,10.531521405265543,88.16474183747091
bootstrap_218,1e-08,0.04512465935281085,156.0,498.7102057676112,0.0002717094504207793,10.0,9.076466188997152,86.40260758492448
bootstrap_219,1e-08,0.045046421787408295,156.0,496.9679625868574,0.0002715212163372279,10.0,9.126562859436145,92.0923878442622
bootstrap_220,1e-08,0.060625769971797694,156.0,500.0,0.0006588352084304525,10.0,10.5324,90.2548599484975
bootstrap_221,1e-08,0.043424790401036,156.0,496.4057910864281,0.0002712515028103189,10.0,9.134296470639773,95.49990939722021
bootstrap_222,1e-08,0.030230721825277578,156.0,500.0,0.0002688542782927416,10.0,10.532399999999999,90.70844536698489
bootstrap_223,1e-08,0.010505864150626687,156.0,446.93514201746376,0.0005664872594146481,10.0,9.763479349994249,97.90701390689986
bootstrap_224,1e-08,0.06114445508040829,156.0,474.4335533280329,0.0006344702267070505,10.0,10.532399999999997,97.24102078985464
bootstrap_225,1e-08,0.04485482194134042,156.0,497.6387989664174,0.00027202680239899526,10.0,9.150228562163042,91.43365759770352
bootstrap_226,1e-08,0.043428637644990574,156.0,496.42627019463475,0.0002712557445055038,10.0,9.134069622162444,90.9921465697629
bootstrap_227,1e-08,0.029916149672245144,156.0,499.99863598064724,0.0002686816164334977,10.0,10.53231799133956,87.56580837213995
bootstrap_228,1e-08,0.04512512112638484,156.0,498.70655909543933,0.00027170891291451455,10.0,9.076399419846567,93.78135303870549
bootstrap_229,1e-08,0.060517975698535446,156.0,500.0,0.0006586643499987969,10.0,10.532256542975063,91.21066432726806
bootstrap_230,1e-08,0.04470690798193429,156.0,498.21557548844646,0.00027166104304163924,10.0,9.109118560391863,101.41683563991177
bootstrap_231,1e-08,0.043438547604281834,156.0,497.1320957895367,0.0002712205623096143,10.0,9.163518448305348,93.543164007276
bootstrap_232,1e-08,0.044685060533970436,156.0,497.9801272085812,0.0002719420729677535,10.0,9.149547635663758,83.49500368216958
bootstrap_233,1e-08,0.044686151238631996,156.0,498.0959199740636,0.00027146526702025446,10.0,9.087258571572864,84.96117632872962
bootstrap_234,1e-08,0.04467038956964231,156.0,498.52496479934473,0.0002713668583558921,10.0,9.083693907149293,90.24688469570262
bootstrap_235,1e-08,0.04444346164674656,156.0,497.8013961137858,0.0002713162165826821,10.0,9.107624219826894,98.7412044626765
bootstrap_236,1e-08,0.05264614991918846,156.0,500.0,0.000558991616159362,10.0,10.532244726143098,88.38629012509142
bootstrap_237,1e-08,0.04412714586717392,156.0,493.5199203705055,0.000271202081579895,10.0,9.38402944438176,92.52644220790488
bootstrap_238,1e-08,0.036664121480049564,156.0,498.4404306399291,0.0002681299861254195,10.0,9.08197268503396,83.90519496341079
bootstrap_239,1e-08,0.0595825247976597,156.0,500.0,0.0006251470767658393,10.0,10.53229196340187,88.22732384398618
bootstrap_240,1e-08,0.0586127926429513,156.0,475.8775021773937,0.0006209873452458315,10.0,10.4798926256502,93.086123264897
bootstrap_241,1e-08,0.031056499753616594,156.0,499.9749817895779,0.00026941571748857876,10.0,10.531422992172988,89.68213644374755
bootstrap_242,1e-08,0.010419480381872424,156.0,446.5103957707187,0.0005625302300851823,10.0,9.818752769519236,91.77949854813346
bootstrap_243,1e-08,0.03104628896957724,156.0,499.99300732769245,0.000269417220603419,10.0,10.529508280957817,95.7874918550042
bootstrap_244,1e-08,0.060209893138775006,156.0,500.0,0.0006569385948596142,10.0,10.5324,92.23573286967172
bootstrap_245,1e-08,0.04886781789715705,156.0,491.89585146251983,0.0002692019020624818,10.0,9.499898276860685,99.70856855942857
bootstrap_246,1e-08,0.010395184471470566,156.0,466.7654436742643,0.0005709882801542355,10.0,9.910785848229088,85.33448930413152
bootstrap_247,1e-08,0.04515229144042879,156.0,497.0071306473074,0.00027150248405925564,10.0,9.127163571486694,82.76789820102906
bootstrap_248,1e-08,0.04448578352651282,156.0,457.1360197362428,0.0002689081991802848,10.0,9.716958074007982,89.44243686792122
bootstrap_249,1e-08,0.044670901053725065,156.0,498.526038267039,0.00027136834450781206,10.0,9.083803207653485,95.86822187475393
bootstrap_250,1e-08,0.043438547604281834,156.0,497.1320957895367,0.0002712205623096143,10.0,9.163518448305348,88.28491778247675
bootstrap_251,1e-08,0.04343075379707513,156.0,496.4178760995924,0.00027125630584356325,10.0,9.134081875326771,92.36456313896574
bootstrap_252,1e-08,0.04598029221064641,156.0,498.053238748746,0.0002725573906605101,10.0,8.994331886251754,84.95707456160451
bootstrap_253,1e-08,0.048446396155369956,156.0,490.644848140821,0.00026923952629749484,10.0,9.51635002098528,80.1482960274215
bootstrap_254,1e-08,0.04414548393922284,156.0,493.53858292730945,0.00027121103106322625,10.0,9.383220369147756,87.45999081986118
bootstrap_255,1e-08,0.04526734727994037,156.0,497.92634585112205,0.00027180668284183096,10.0,9.09510463180803,90.63225147505189
bootstrap_256,1e-08,0.0553110152686802,156.0,457.44835159877516,0.000591019760176228,10.0,10.503692087029346,92.52404408799305
bootstrap_257,1e-08,0.030909937341197347,156.0,499.99032626008113,0.00026936562220870083,10.0,10.53194752545566,85.02860640889494
bootstrap_258,1e-08,0.043438547604281834,156.0,497.1320957895367,0.0002712205623096143,10.0,9.163518448305348,92.0736441978704
bootstrap_259,1e-08,0.04412714586717392,156.0,493.5199203705055,0.000271202081579895,10.0,9.38402944438176,90.03346622446624
bootstrap_260,1e-08,0.04596586749014147,156.0,498.06664911438975,0.00027255188588969916,10.0,8.992813393922251,95.68539377802622
bootstrap_261,1e-08,0.04343060861146653,156.0,496.41835745469143,0.0002712562828628878,10.0,9.13409408459314,88.30837386632865
bootstrap_262,1e-08,0.033231254968088486,156.0,489.3178906808285,0.00027066812678985407,10.0,10.532294500357066,96.74171893656055
bootstrap_263,1e-08,0.053060234814371374,156.0,500.0,0.0005623812732459895,10.0,10.532292086139314,82.83523863168276
bootstrap_264,1e-08,0.04470690798193429,156.0,498.21557548844646,0.00027166104304163924,10.0,9.109118560391863,88.4594137560973
bootstrap_265,1e-08,0.045943316776078824,156.0,498.0517059953828,0.0002725426456091073,10.0,8.994068932734436,89.4051269446469
bootstrap_266,1e-08,0.04844534455248363,156.0,490.64662750129094,0.00026923955972597895,10.0,9.516223624433707,90.83469246419803
bootstrap_267,1e-08,0.03129693107787036,156.0,500.0,0.00026963437604032175,10.0,10.5324,86.01788856266705
bootstrap_268,1e-08,0.06058294455925167,156.0,500.0,0.0006156605859166087,10.0,10.53217040418011,93.41097543032288
bootstrap_269,1e-08,0.010467034350056517,156.0,443.66755266183134,0.0005547672549931886,10.0,9.830014734294819,90.51640741056806
bootstrap_270,1e-08,0.06053427891110891,156.0,500.0,0.0006569205533156998,10.0,10.5324,93.5236972444384
bootstrap_271,1e-08,0.0600827666810249,156.0,500.0,0.0006540547136625448,10.0,10.53165163927078,92.9247571509657
bootstrap_272,1e-08,0.04495942135594341,156.0,498.3992184906944,0.0002721188571007835,10.0,9.147893442979235,89.50017717054023
bootstrap_273,1e-08,0.045125074060744674,156.0,498.7067031578971,0.0002717088977921382,10.0,9.076403709429115,86.27002877951406
bootstrap_274,1e-08,0.04858705889661554,156.0,493.15926080900243,0.00026910792335507446,10.0,9.475010037807554,89.5103706566756
bootstrap_275,1e-08,0.045757744641190506,156.0,496.7102828723919,0.0002719452037186239,10.0,9.162065444259081,88.86341458082877
bootstrap_276,1e-08,0.01036610800518782,156.0,472.73363901785444,0.0005779205741562054,10.0,9.81627346584898,91.67578431985253
bootstrap_277,1e-08,0.048125736833887614,156.0,499.90120958120986,0.0002700612474150442,10.0,9.116525355797222,90.86105582692291
bootstrap_278,1e-08,0.06113781674768118,156.0,474.4173310953993,0.000634411371229589,10.0,10.532399999999996,87.22472235935298
bootstrap_279,1e-08,0.03323483877392874,156.0,489.3234027714434,0.00027067077605828316,10.0,10.532399999999999,100.29840697662645
bootstrap_280,1e-08,0.060254312521238154,156.0,500.0,0.0006578080617839246,10.0,10.5324,96.05278698742235
bootstrap_281,1e-08,0.04468611712273387,156.0,498.09596953823245,0.00027146524593008536,10.0,9.087259507236748,90.64516743104498
bootstrap_282,1e-08,0.04343060861146653,156.0,496.41835745469143,0.0002712562828628878,10.0,9.13409408459314,93.96335201728337
bootstrap_283,1e-08,0.030615842993574838,156.0,500.0,0.0002691088723249256,10.0,10.532263283041134,90.19288711177106
bootstrap_284,1e-08,0.04171848851320369,156.0,498.8971583746977,0.00026990761352559453,10.0,9.016195411544436,91.8108982843375
bootstrap_285,1e-08,0.04481961882371821,156.0,498.55465310834643,0.0002714642276260468,10.0,9.086770529643495,95.15027429261066
bootstrap_286,1e-08,0.048125736833887614,156.0,499.90120958120986,0.0002700612474150442,10.0,9.116525355797222,87.07285854315948
bootstrap_287,1e-08,0.0449995305575067,156.0,496.8938916353618,0.00027148373606812967,10.0,9.128487647793973,95.70922220814849
bootstrap_288,1e-08,0.030615842993574838,156.0,500.0,0.0002691088723249256,10.0,10.532263283041134,95.27829210953054
bootstrap_289,1e-08,0.044686151238631996,156.0,498.0959199740636,0.00027146526702025446,10.0,9.087258571572864,83.22559041493038
bootstrap_290,1e-08,0.04511041779955235,156.0,497.13898092714385,0.0002715123296505392,10.0,9.120378643163773,89.96744435433332
bootstrap_291,1e-08,0.04454950351140615,156.0,498.23266276618557,0.00027129633488693456,10.0,9.092614204491595,94.55281960791069
bootstrap_292,1e-08,0.06037093250280793,156.0,500.0,0.0006571713736614349,10.0,10.531097383402921,93.59956885899405
bootstrap_293,1e-08,0.044854968981330214,156.0,497.6378550118609,0.00027202681189897934,10.0,9.150209944364896,85.3673332808947
bootstrap_294,1e-08,0.043430632957944255,156.0,496.4176584958844,0.00027125622382751,10.0,9.134086074430513,92.88789597925377
bootstrap_295,1e-08,0.043438477839142675,156.0,497.129277638501,0.0002712197565755164,10.0,9.16372429158191,90.46850518598599
bootstrap_296,1e-08,0.04941585335644741,156.0,493.5387698985006,0.00026938720355639684,10.0,9.476527840488368,91.8934375456129
bootstrap_297,1e-08,0.06014712898583736,156.0,487.5199156583316,0.0006301955698483156,10.0,10.5324,90.85039524821968
bootstrap_298,1e-08,0.010467034350056517,156.0,443.66755266183134,0.0005547672549931886,10.0,9.830014734294819,92.69720144108221
bootstrap_299,1e-08,0.060471145809389476,156.0,500.0,0.0006565312696083616,10.0,10.532345803332788,96.21485179237932
bootstrap_300,1e-08,0.045036797984340626,156.0,498.14035490541795,0.00027214033672253574,10.0,9.155508971914617,92.73925147985754
bootstrap_301,1e-08,0.010445335782699888,156.0,466.05453593645495,0.0005683337297560213,10.0,9.9147428575722,98.92074143544308
bootstrap_302,1e-08,0.043438547604281834,156.0,497.1320957895367,0.0002712205623096143,10.0,9.163518448305348,101.18414696754435
bootstrap_303,1e-08,0.04355307024158525,156.0,447.5680833222581,0.00026893418095451187,10.0,9.765486343295743,89.24836381186022
bootstrap_304,1e-08,0.045104159927471466,156.0,496.9724656327745,0.00027147875889359187,10.0,9.126644908009546,102.97160165504238
bootstrap_305,1e-08,0.04495694434011976,156.0,498.44048158691686,0.0002721183123846565,10.0,9.147327489528978,91.49948218251043
bootstrap_306,1e-08,0.04522193019830708,156.0,496.4568007280769,0.0002713757046799299,10.0,9.102025705111798,90.22629612300146
bootstrap_307,1e-08,0.044664691312415974,156.0,498.5132298799019,0.0002713670833484098,10.0,9.084184927671636,91.66011531723062
bootstrap_308,1e-08,0.04718196739523554,156.0,497.5886939242228,0.0002696563786761847,10.0,9.159595175693807,86.9993327498844
bootstrap_309,1e-08,0.02991390220488397,156.0,499.99849754855325,0.00026868012688524687,10.0,10.53231195818799,87.7255734709598
bootstrap_310,1e-08,0.030112695654438415,156.0,500.0,0.0002687005781031212,10.0,10.531873148249122,94.1737481823085
bootstrap_311,1e-08,0.06149633931220044,18388.441376668583,358.84054917475976,0.0003093230660150359,8.627638711411006,9.543184176224646,91.58553317800106
bootstrap_312,1e-08,0.030615842993574838,156.0,500.0,0.0002691088723249256,10.0,10.532263283041134,94.14422899729205
bootstrap_313,1e-08,0.010462547078837885,156.0,491.5809618694413,0.000593040511025529,10.0,9.756419442459467,95.78972648357089
bootstrap_314,1e-08,0.05904684244699263,156.0,488.27403222974806,0.0006288147190233275,10.0,10.52254338986837,83.20811908200717
bootstrap_315,1e-08,0.01006356859171622,246.89119508778418,480.8313852915308,0.000790589140566418,10.0,10.309686434716944,89.40348057984666
bootstrap_316,1e-08,0.0449769788716437,156.0,497.2059471442242,0.000271456420183441,10.0,9.121693274478366,94.33692142416385
bootstrap_317,1e-08,0.06056380442550754,156.0,499.99634546734615,0.0006583644861043191,10.0,10.5322552270006,86.05392746710929
bootstrap_318,1e-08,0.04505138697372297,156.0,498.6427365478959,0.00027166507715908005,10.0,9.081050146303346,93.88133380593578
bootstrap_319,1e-08,0.044854968981330214,156.0,497.6378550118609,0.00027202681189897934,10.0,9.150209944364896,92.0462367891461
bootstrap_320,1e-08,0.045101053486762674,156.0,496.9765225041051,0.0002714778397936186,10.0,9.126711614033454,95.69972304115981
bootstrap_321,1e-08,0.04343856879256246,156.0,497.13213470419396,0.0002712205759188899,10.0,9.163519623552034,95.02485410290683
bootstrap_322,1e-08,0.04596581085628408,156.0,498.06677228044396,0.00027255179717465674,10.0,8.992816065444252,86.7987615818877
bootstrap_323,1e-08,0.04471501677029825,156.0,498.25293369597205,0.0002720088776469993,10.0,9.15322944956165,90.74991499855133
bootstrap_324,1e-08,0.03165815831774918,156.0,499.99732960680444,0.0002697995858166332,10.0,10.498292266843691,87.97834574615709
bootstrap_325,1e-08,0.04754480035646498,156.0,499.3691433755867,0.00026974042974317104,10.0,9.1366125696756,96.0112841415902
bootstrap_326,1e-08,0.045952128446729856,156.0,498.04899448793924,0.00027254018518668515,10.0,8.993973558544731,97.39947123536636
bootstrap_327,1e-08,0.02949804645486838,156.0,500.0,0.00026828825423882107,10.0,10.53181923763319,96.67522994951763
bootstrap_328,1e-08,0.044145557890499856,156.0,493.53862995919724,0.0002712110751672749,10.0,9.383219905225136,88.52486119575966
bootstrap_329,1e-08,0.060495824001007587,156.0,500.0,0.0006204068049063603,10.0,10.532035762321083,89.75445343136573
bootstrap_330,1e-08,0.046803909910258845,156.0,499.8705480178977,0.0002687349529016096,10.0,9.289524375758273,94.15030047702072
bootstrap_331,1e-08,0.06056752819333579,156.0,499.9898575900554,0.0006586294519032729,10.0,10.53224311923217,93.91743249969791
bootstrap_332,1e-08,0.059942758060889036,156.0,488.75138263291126,0.0006316842296682322,10.0,10.531521097155006,81.75146041867842
bootstrap_333,1e-08,0.04511041779955235,156.0,497.13898092714385,0.0002715123296505392,10.0,9.120378643163773,90.41880682501755
bootstrap_334,1e-08,0.01046047553239268,156.0,487.3129084092187,0.000593712625106722,10.0,9.707973617098343,93.78962188330433
bootstrap_335,1e-08,0.06063875401020391,156.0,500.0,0.0006590064362115291,10.0,10.531598481778904,84.31424737828146
bootstrap_336,1e-08,0.04468611712273387,156.0,498.09596953823245,0.00027146524593008536,10.0,9.087259507236748,94.1424755390896
bootstrap_337,1e-08,0.043081245367074264,156.0,458.50678719534255,0.0002673062713163606,10.0,9.120901423509103,97.59702679878119
bootstrap_338,1e-08,0.04854443375226902,156.0,493.410031953533,0.00026910098846466004,10.0,9.468599821027254,90.4628011780122
bootstrap_339,1e-08,0.04249205432344018,156.0,458.96866291906133,0.0002671420248695927,10.0,9.150771140859515,87.37931277232433
bootstrap_340,1e-08,0.03109121240162435,156.0,499.99859555168894,0.00026944449169660973,10.0,10.531964644847484,93.13737831303507
bootstrap_341,1e-08,0.010394869598408487,156.0,466.765273056137,0.000570988300085562,10.0,9.910856726303571,91.17191910741259
bootstrap_342,1e-08,0.04343081681025131,156.0,496.4179103137194,0.00027125633858846086,10.0,9.134083113730679,88.33825313002066
bootstrap_343,1e-08,0.029977557564828474,156.0,500.0,0.00026859470377726307,10.0,10.532268704378328,81.83610132888924
bootstrap_344,1e-08,0.010420460128137366,156.0,446.4973833399759,0.0005626110872502217,10.0,9.818396578761515,96.16447828633648
bootstrap_345,1e-08,0.03111541754757226,156.0,499.9997223819417,0.0002694591543869776,10.0,10.53045527785803,98.43811179053034
bootstrap_346,1e-08,0.044686151238631996,156.0,498.0959199740636,0.00027146526702025446,10.0,9.087258571572864,92.04822909827155
bootstrap_347,1e-08,0.044714581284535676,156.0,498.2536444689754,0.0002720089358452213,10.0,9.153247067697233,87.38227750765776
bootstrap_348,1e-08,0.04342929058832745,156.0,497.10194749312984,0.0002712147890810259,10.0,9.164949779677988,95.14615223050058
bootstrap_349,1e-08,0.044850830837738054,156.0,497.6428224331905,0.0002720252819475599,10.0,9.150329910634316,93.34245728157754
bootstrap_350,1e-08,0.04449177337579875,156.0,457.13001948216385,0.0002689105821875338,10.0,9.717426162355439,92.20973502781679
bootstrap_351,1e-08,0.045051336420930926,156.0,498.6427476938072,0.00027166505462997403,10.0,9.081051158420891,90.02294652433126
bootstrap_352,1e-08,0.060485077201184734,156.0,500.0,0.0006585488017592467,10.0,10.5324,84.88888224484057
bootstrap_353,1e-08,0.045124913892459345,156.0,498.73171513600914,0.00027170828778028415,10.0,9.076075000416044,90.16163942924398
bootstrap_354,1e-08,0.04412714586717392,156.0,493.5199203705055,0.000271202081579895,10.0,9.38402944438176,98.2589885714754
bootstrap_355,1e-08,0.04468585108864928,156.0,498.0962558861351,0.0002714650707007941,10.0,9.087265735573004,95.47440498459386
bootstrap_356,1e-08,0.030615842993574838,156.0,500.0,0.0002691088723249256,10.0,10.532263283041134,86.35613706053384
bootstrap_357,1e-08,0.04467429885033498,156.0,498.52626263670476,0.00027136906607416956,10.0,9.083654163903997,88.63385515719158
bootstrap_358,1e-08,0.042492046697734896,156.0,458.968683644854,0.0002671420188770523,10.0,9.150771817620305,91.74112527734849
bootstrap_359,1e-08,0.04343099100319857,156.0,496.42007070171593,0.00027125660946841063,10.0,9.134084936988533,81.85072479398721
bootstrap_360,1e-08,0.04816036789922283,156.0,491.0867533732001,0.0002689941052810861,10.0,9.516579277995875,93.71782561984216
bootstrap_361,1e-08,0.03317742631458518,156.0,489.31691189288364,0.0002706292920778313,10.0,10.532251910372452,93.83306861482954
bootstrap_362,1e-08,0.02949804645486838,156.0,500.0,0.00026828825423882107,10.0,10.53181923763319,98.36360640814179
bootstrap_363,1e-08,0.010394763960334156,156.0,466.7685729087176,0.0005710025028430371,10.0,9.91087100432716,92.82853209966456
bootstrap_364,1e-08,0.04340286717596198,156.0,496.39460350180536,0.00027124737286328426,10.0,9.135396726828866,91.06229343676422
bootstrap_365,1e-08,0.044686151238631996,156.0,498.0959199740636,0.00027146526702025446,10.0,9.087258571572864,88.69653675079962
bootstrap_366,1e-08,0.04512560694908152,156.0,497.0221968816754,0.00027148594413841444,10.0,9.127043012900046,92.15245108539133
bootstrap_367,1e-08,0.0595018107795456,156.0,500.0,0.0006240336749805066,10.0,10.53233650676664,95.16023916665822
bootstrap_368,1e-08,0.04468620146052943,156.0,498.09513079817566,0.0002714651692299642,10.0,9.08727133734049,90.09714219303874
bootstrap_369,1e-08,0.010466981739569288,156.0,443.66418958699217,0.0005547695034862155,10.0,9.829994850716862,90.35579650888333
bootstrap_370,1e-08,0.048125736833887614,156.0,499.90120958120986,0.0002700612474150442,10.0,9.116525355797222,96.09864597929763
bootstrap_371,1e-08,0.044714581284535676,156.0,498.2536444689754,0.0002720089358452213,10.0,9.153247067697233,84.78491302217682
bootstrap_372,1e-08,0.043424790401036,156.0,496.4057910864281,0.0002712515028103189,10.0,9.134296470639773,82.77325983008602
bootstrap_373,1e-08,0.03109121240162435,156.0,499.99859555168894,0.00026944449169660973,10.0,10.531964644847484,93.50622202701356
bootstrap_374,1e-08,0.058944152321158905,156.0,500.0,0.0006459271887380186,10.0,10.532030685370348,85.44548816439689
bootstrap_375,1e-08,0.010446099028339874,156.0,466.38760452667225,0.0005694239745642515,10.0,9.90575233736108,94.27566164024087
bootstrap_376,1e-08,0.053060234814371374,156.0,500.0,0.0005623812732459895,10.0,10.532292086139314,100.1667906322831
bootstrap_377,1e-08,0.043438547604281834,156.0,497.1320957895367,0.0002712205623096143,10.0,9.163518448305348,93.12444307816276
bootstrap_378,1e-08,0.046820312923705906,156.0,499.7153507140008,0.0002687255862290488,10.0,9.293109694484862,86.85791038601144
bootstrap_379,1e-08,0.048619320426260625,156.0,493.26256409951816,0.00026912928109067033,10.0,9.470800703559181,95.80058349189831
bootstrap_380,1e-08,0.06053427891110891,156.0,500.0,0.0006569205533156998,10.0,10.5324,87.81724296552548
bootstrap_381,1e-08,0.01,156.0,487.13630839324304,0.0004236336817408084,10.0,10.484868114552391,92.26477061519161
bootstrap_382,1e-08,0.04468611712273387,156.0,498.09596953823245,0.00027146524593008536,10.0,9.087259507236748,92.6205335977832
bootstrap_383,1e-08,0.030615842993574838,156.0,500.0,0.0002691088723249256,10.0,10.532263283041134,89.48400135009071
bootstrap_384,1e-08,0.04512965408055153,156.0,496.9885351147657,0.0002714892532924872,10.0,9.126885254146663,91.36599949305138
bootstrap_385,1e-08,0.04511988201224405,156.0,497.96384441138775,0.0002716998973286751,10.0,9.11131592413178,91.81064396127539
bootstrap_386,1e-08,0.045124131938346815,156.0,498.70939490517674,0.0002717091535869141,10.0,9.076468444387816,92.71756885632989
bootstrap_387,1e-08,0.04512468949949416,156.0,498.71010538832473,0.00027170961843403485,10.0,9.076474333801658,91.3827512788008
bootstrap_388,1e-08,0.031040058248501548,156.0,499.98938133597767,0.00026949040404362283,10.0,10.532075479081605,88.48632982793964
bootstrap_389,1e-08,0.045119885554982156,156.0,497.9636608527144,0.00027169984964571005,10.0,9.11131185833042,85.58567693111414
bootstrap_390,1e-08,0.03321100102113864,156.0,489.3030645155157,0.00027065451569884913,10.0,10.531351621363662,93.95603438004883
bootstrap_391,1e-08,0.025066695088780632,156.0,499.97141544741703,0.00026502506511022115,10.0,10.530405740278436,99.53206665879996
bootstrap_392,1e-08,0.047176268187543,156.0,497.55383445020993,0.0002696547853265847,10.0,9.161754594156518,101.83611663067516
bootstrap_393,1e-08,0.048125736833887614,156.0,499.90120958120986,0.0002700612474150442,10.0,9.116525355797222,88.63061365178434
bootstrap_394,1e-08,0.04469449174931744,156.0,498.2418427079084,0.0002719980676296236,10.0,9.154684280641094,100.06642045161159
bootstrap_395,1e-08,0.0434379003951289,156.0,497.1337740442372,0.00027122061678934873,10.0,9.163557133571498,97.29599454695413
bootstrap_396,1e-08,0.010467034350056517,156.0,443.66755266183134,0.0005547672549931886,10.0,9.830014734294819,83.24136279320673
bootstrap_397,1e-08,0.01044287097039642,156.0,466.69861688959395,0.0005695844993873183,10.0,9.908993070707018,84.91711190050668
bootstrap_398,1e-08,0.04594278138573146,156.0,498.05143196292397,0.00027254212409029383,10.0,8.994220930989814,83.00416578693209
bootstrap_399,1e-08,0.04499951672047586,156.0,496.8939010723621,0.0002714837163912351,10.0,9.128488466860109,89.40913001886176
bootstrap_400,1e-08,0.043425024896280945,156.0,496.40761119802653,0.00027125170155139046,10.0,9.134257406230951,93.68288816450435
bootstrap_401,1e-08,0.04475888032816282,156.0,498.3170247271551,0.00027143926158203647,10.0,9.089414667255376,93.6609659952893
bootstrap_402,1e-08,0.010234011975579715,156.0,474.66001913186244,0.0005775433949563287,10.0,9.979776096388765,93.40724426556004
bootstrap_403,1e-08,0.04504974952657196,156.0,498.65412942300566,0.0002716642664801331,10.0,9.081312250023181,91.9981922836846
bootstrap_404,1e-08,0.0600827666810249,156.0,500.0,0.0006540547136625448,10.0,10.53165163927078,102.37654229229187
bootstrap_405,1e-08,0.04164290992976669,156.0,498.88389509459626,0.0002698610022124553,10.0,9.017475932917726,89.82001229495368
bootstrap_406,1e-08,0.048446352808607304,156.0,490.6447583104274,0.0002692395105881179,10.0,9.516350032761935,92.62781404207998
bootstrap_407,1e-08,0.03625343075639556,14882.494073371498,335.0791357738886,0.0002946991303020081,7.893096920350761,9.906410326226553,84.61221566698653
bootstrap_408,1e-08,0.03128792192598737,156.0,499.9999092418792,0.0002696280814740692,10.0,10.532389699823518,87.92773509261913
bootstrap_409,1e-08,0.04718196739523554,156.0,497.5886939242228,0.0002696563786761847,10.0,9.159595175693807,86.76852605578377
bootstrap_410,1e-08,0.0595018107795456,156.0,500.0,0.0006240336749805066,10.0,10.53233650676664,93.28575893926677
bootstrap_411,1e-08,0.044664701099968084,156.0,498.5132439771468,0.0002713670878094523,10.0,9.084184246044583,87.62682698276134
bootstrap_412,1e-08,0.043438547604281834,156.0,497.1320957895367,0.0002712205623096143,10.0,9.163518448305348,93.60153729872818
bootstrap_413,1e-08,0.03076216078002175,156.0,499.98603437873174,0.0002691644113633727,10.0,10.529630728567412,96.61624222214611
bootstrap_414,1e-08,0.011634802649231998,156.0,299.81146155117756,0.00027722557336813593,10.0,10.495957513269794,95.6822241499712
bootstrap_415,1e-08,0.04598029221064641,156.0,498.053238748746,0.0002725573906605101,10.0,8.994331886251754,96.90455687699216
bootstrap_416,1e-08,0.04462234403174427,156.0,497.99747080023883,0.00027191166074576974,10.0,9.153250894091894,85.04253872158628
bootstrap_417,1e-08,0.0416399415301691,156.0,498.8837133340422,0.00026985981730215695,10.0,9.017476458368215,94.3751521179652
bootstrap_418,1e-08,0.04342982873998026,156.0,497.10143978559273,0.0002712146793268429,10.0,9.16487248141576,92.55078101399438
bootstrap_419,1e-08,0.03665398496689043,156.0,498.43694434341256,0.0002681217393395262,10.0,9.083650503826071,92.29942125058751
bootstrap_420,1e-08,0.043430632957944255,156.0,496.4176584958844,0.00027125622382751,10.0,9.134086074430513,87.61616954880272
bootstrap_421,1e-08,0.045124756889467585,156.0,498.71039788186846,0.000271709533012182,10.0,9.076463423269358,93.17677540295661
bootstrap_422,1e-08,0.032418090149686704,156.0,489.2070839459966,0.0002700894914576643,10.0,10.532261611136164,99.96553586006179
bootstrap_423,1e-08,0.03002597083658224,156.0,499.98938594667067,0.00026875307268905887,10.0,10.530254214900502,93.15344483761076
bootstrap_424,1e-08,0.06034648581577614,156.0,500.0,0.0006574575302551061,10.0,10.531828187144908,89.42025707482898
bootstrap_425,1e-08,0.0442900684878383,156.0,493.4102101315736,0.0002712600419973648,10.0,9.38007805502765,102.40662143515942
bootstrap_426,1e-08,0.044111254789617485,156.0,493.49085776160956,0.00027119950966924763,10.0,9.381656116770781,92.29423277152499
bootstrap_427,1e-08,0.04682136641943599,156.0,499.7131202289499,0.00026872595841513354,10.0,9.293127183327577,92.95950143611508
bootstrap_428,1e-08,0.059835317581094026,156.0,489.0172758274825,0.0006304446129028834,10.0,10.530615889695571,84.85541099572168
bootstrap_429,1e-08,0.03323360602623429,156.0,489.32161908260696,0.0002706697945071664,10.0,10.532399999999996,92.13838633396902
bootstrap_430,1e-08,0.04355307474973011,156.0,447.56811917739475,0.0002689341817047006,10.0,9.765486013736798,95.91793110445407
bootstrap_431,1e-08,0.04343060861146653,156.0,496.41835745469143,0.0002712562828628878,10.0,9.13409408459314,90.45692970045654
bootstrap_432,1e-08,0.0434281893379591,156.0,496.41912564418385,0.00027125435089654073,10.0,9.13396518496091,85.62349882288122
bootstrap_433,1e-08,0.030620678873360903,156.0,499.84354298923745,0.00026909066349229847,10.0,10.505214519427225,89.48881711760993
bootstrap_434,1e-08,0.04300548981097555,156.0,458.2743655503863,0.0002672872419409297,10.0,9.121345930472849,92.63858916534141
bootstrap_435,1e-08,0.04495694434011976,156.0,498.44048158691686,0.0002721183123846565,10.0,9.147327489528978,86.60560719836319
bootstrap_436,1e-08,0.045965510295476644,156.0,498.06635199949903,0.0002725517964349259,10.0,8.992784112674972,89.17512079873477
bootstrap_437,1e-08,0.044685060533970436,156.0,497.9801272085812,0.0002719420729677535,10.0,9.149547635663758,83.64568013579114
bootstrap_438,1e-08,0.04300552252161825,156.0,458.2742907904463,0.00026728725595712263,10.0,9.121343741864806,87.15112759664623
bootstrap_439,1e-08,0.046891519488632266,156.0,499.9268861995439,0.00026880762369352107,10.0,9.288822709111397,95.9522253635259
bootstrap_440,1e-08,0.06114445508040829,156.0,474.4335533280329,0.0006344702267070505,10.0,10.532399999999997,83.11499244162452
bootstrap_441,1e-08,0.04468613171044978,156.0,498.0962050868641,0.0002714653020668471,10.0,9.087261023613483,86.35771062533017
bootstrap_442,1e-08,0.0600827666810249,156.0,500.0,0.0006540547136625448,10.0,10.53165163927078,93.95739554307674
bootstrap_443,1e-08,0.060495824001007587,156.0,500.0,0.0006204068049063603,10.0,10.532035762321083,91.62677272997105
bootstrap_444,1e-08,0.0595018107795456,156.0,500.0,0.0006240336749805066,10.0,10.53233650676664,92.92281703371961
bootstrap_445,1e-08,0.04342841216681523,156.0,497.12885997997364,0.0002712177816283944,10.0,9.164475196553425,95.27972683511169
bootstrap_446,1e-08,0.05981144195322377,156.0,500.0,0.0006530777813725224,10.0,10.53209643074825,93.76465349215076
bootstrap_447,1e-08,0.039765568542690324,156.0,494.5408453271746,0.0002700449751880531,10.0,8.917342603645455,87.4400422126477
bootstrap_448,1e-08,0.031096563396420165,156.0,499.99349615088306,0.0002694559193409724,10.0,10.529781240729195,93.13927374376888
bootstrap_449,1e-08,0.031055804527332486,156.0,499.97371279797414,0.00026941516105143495,10.0,10.531347266968924,89.0685447200463
bootstrap_450,1e-08,0.045100857797476836,156.0,496.9577652340039,0.0002714774140885913,10.0,9.129917302145175,98.5175617903895
bootstrap_451,1e-08,0.045945326484672706,156.0,498.03438599733465,0.00027253329255689596,10.0,8.993973167506113,90.38486689344082
bootstrap_452,1e-08,0.03573542617993786,14723.325791386133,333.7483090305056,0.000293565577836213,7.8690362835474215,9.914779594059954,84.36350490683596
bootstrap_453,1e-08,0.048125736833887614,156.0,499.90120958120986,0.0002700612474150443,10.0,9.116525355797222,90.75143361921566
bootstrap_454,1e-08,0.0434307071507581,156.0,496.42031510349284,0.000271256392610428,10.0,9.134097866622424,91.40577402071618
bootstrap_455,1e-08,0.045937930884344315,156.0,498.0541329291225,0.0002725381673648107,10.0,8.994427746180262,87.98251767656856
bootstrap_456,1e-08,0.044686151238631996,156.0,498.0959199740636,0.00027146526702025446,10.0,9.087258571572864,85.44004603454542
bootstrap_457,1e-08,0.04343914665656341,156.0,497.130907492858,0.0002712203864730811,10.0,9.163478460127315,92.9871359684532
bootstrap_458,1e-08,0.029922211770452855,156.0,500.0,0.0002685090484809036,10.0,10.5324,95.75908800705227
bootstrap_459,1e-08,0.029922830030794594,156.0,499.9998773760959,0.00026850926317583995,10.0,10.532397972958874,97.74322027976527
bootstrap_460,1e-08,0.04413601506780865,156.0,493.5438801255623,0.00027120827476157655,10.0,9.383209545726533,81.6459747162461
bootstrap_461,1e-08,0.06440400432124341,156.0,500.0,0.0006478131770750013,10.0,10.532294047636743,89.0216952492468
bootstrap_462,1e-08,0.033346487546497244,156.0,499.75514362773447,0.00027079988186327387,10.0,10.497882179434033,98.34796685282704
bootstrap_463,1e-08,0.047655456758034065,156.0,499.9719752998558,0.0002697497726978815,10.0,9.1354747653508,88.8630952751403
bootstrap_464,1e-08,0.04343060861146653,156.0,496.41835745469143,0.0002712562828628878,10.0,9.13409408459314,81.74974433539639
bootstrap_465,1e-08,0.04467429885033498,156.0,498.52626263670476,0.00027136906607416956,10.0,9.083654163903997,88.57670396627145
bootstrap_466,1e-08,0.041667791656851264,156.0,498.9065444914297,0.00026989657469662416,10.0,9.016409888740913,88.20670621029383
bootstrap_467,1e-08,0.044854968981330214,156.0,497.6378550118609,0.00027202681189897934,10.0,9.150209944364896,86.52393784217492
bootstrap_468,1e-08,0.045105504612414485,156.0,497.01467021235464,0.00027155797342506437,10.0,9.125652940119618,88.79201720394704
bootstrap_469,1e-08,0.04475888032816282,156.0,498.3170247271551,0.00027143926158203647,10.0,9.089414667255376,92.40988333936443
bootstrap_470,1e-08,0.044714581284535676,156.0,498.2536444689754,0.0002720089358452213,10.0,9.153247067697233,94.6278799002252
bootstrap_471,1e-08,0.044442531426194073,156.0,497.80961504183597,0.00027131695212353536,10.0,9.107612192060643,93.2950713229237
bootstrap_472,1e-08,0.04844626923095609,156.0,490.6443811970526,0.00026923950728398034,10.0,9.516356120909588,82.78088564421098
bootstrap_473,1e-08,0.04467089245465158,156.0,498.52837697904897,0.00027136688403073993,10.0,9.083872129376164,87.54396233850284
bootstrap_474,1e-08,0.029922211770452855,156.0,500.0,0.0002685090484809036,10.0,10.5324,97.06709197987809
bootstrap_475,1e-08,0.04596607208533032,156.0,498.0666737381603,0.0002725520072129136,10.0,8.992792077780301,94.37411365786879
bootstrap_476,1e-08,0.06019853445136908,156.0,500.0,0.000656808392401172,10.0,10.532384037243723,89.9416280548009
bootstrap_477,1e-08,0.031096229236472213,156.0,499.9935052841379,0.0002694551866028141,10.0,10.529931535967595,92.80754539016912
bootstrap_478,1e-08,0.036701883991156675,156.0,498.4485544427475,0.00026816225568199853,10.0,9.074997464624857,91.38474144697378
bootstrap_479,1e-08,0.048130711796096556,156.0,494.958504921901,0.00026886819436752437,10.0,9.443609796948731,91.92876261458336
bootstrap_480,1e-08,0.044686151238631996,156.0,498.0959199740636,0.00027146526702025446,10.0,9.087258571572864,90.37873299796796
bootstrap_481,1e-08,0.04300548981097555,156.0,458.2743655503863,0.0002672872419409297,10.0,9.121345930472849,92.36905790794671
bootstrap_482,1e-08,0.043438547604281834,156.0,497.1320957895367,0.0002712205623096143,10.0,9.163518448305348,96.9407685374724
bootstrap_483,1e-08,0.045119885554982156,156.0,497.9636608527144,0.00027169984964571005,10.0,9.11131185833042,101.48501856015884
bootstrap_484,1e-08,0.04497737489217154,156.0,497.206029015502,0.000271456615991608,10.0,9.121695205412259,86.45830557453144
bootstrap_485,1e-08,0.030615842993574838,156.0,500.0,0.0002691088723249256,10.0,10.532263283041134,90.19154830320257
bootstrap_486,1e-08,0.042492046697734896,156.0,458.968683644854,0.0002671420188770523,10.0,9.150771817620305,87.30834062249548
bootstrap_487,1e-08,0.04468506053397045,156.0,497.9801272085812,0.0002719420729677535,10.0,9.149547635663758,86.22385441846338
bootstrap_488,1e-08,0.04445139320982092,156.0,497.79725268420077,0.0002713199212142574,10.0,9.107312517598212,87.16805882454977
bootstrap_489,1e-08,0.03163866448554132,156.0,499.99644270144347,0.0002697884565678848,10.0,10.49928463555215,96.45408141719241
bootstrap_490,1e-08,0.060985797122691726,18301.558672729545,357.0911445187672,0.00030893011336942703,8.622721955792697,9.549441856035429,96.1120562127506
bootstrap_491,1e-08,0.06053427891110891,156.0,500.0,0.0006569205533156998,10.0,10.5324,90.5902509287681
bootstrap_492,1e-08,0.044686151238631996,156.0,498.0959199740636,0.00027146526702025446,10.0,9.087258571572864,83.91345086802835
bootstrap_493,1e-08,0.04165760244634151,156.0,498.8792710362527,0.0002698594483215572,10.0,9.017178037286952,99.37831601711927
bootstrap_494,1e-08,0.04863627961397876,156.0,493.8014865647755,0.00026906629096107933,10.0,9.47606021355859,80.01140428889536
bootstrap_495,1e-08,0.04343777439126116,156.0,497.13008697198006,0.00027122026475133053,10.0,9.163511925860853,92.56166816933813
bootstrap_496,1e-08,0.030725246733604498,156.0,500.0,0.00026915334696373173,10.0,10.532399999999996,97.60839101608332
bootstrap_497,1e-08,0.05981707887660317,156.0,500.0,0.0006533073292921338,10.0,10.530510178760709,89.5401259614067
bootstrap_498,1e-08,0.044685060533970436,156.0,497.9801272085812,0.0002719420729677535,10.0,9.149547635663758,88.99160823957439
bootstrap_499,1e-08,0.010394630631521094,156.0,466.76185438906236,0.0005709937945454206,10.0,9.910941757588686,88.91361662677637
bootstrap_500,1e-08,0.0316561007623368,156.0,499.9971543880488,0.00026979812860329736,10.0,10.498366153830734,85.63647107045902
bootstrap_501,1e-08,0.03010847090574465,15884.996517650494,314.97115922178244,0.000288063682753212,8.29175613509063,10.015434138220417,90.70242679942703
bootstrap_502,1e-08,0.045045946019841035,156.0,496.9688914545399,0.00027152101756534495,10.0,9.126570241805563,90.44885882622492
bootstrap_503,1e-08,0.06027084954744037,156.0,500.0,0.000656480900109024,10.0,10.5324,88.92534572811694
bootstrap_504,1e-08,0.04412714586717392,156.0,493.5199203705055,0.000271202081579895,10.0,9.38402944438176,87.51768300168989
bootstrap_505,1e-08,0.045757744641190506,156.0,496.7102828723919,0.0002719452037186239,10.0,9.162065444259081,86.90744717061042
bootstrap_506,1e-08,0.03129693107787036,156.0,500.0,0.00026963437604032175,10.0,10.5324,94.80561634887258
bootstrap_507,1e-08,0.031530602769689366,12403.260516084214,335.11252005630087,0.0002827997295354608,7.224115223967575,10.00880310866771,94.78002753844534
bootstrap_508,1e-08,0.05982702290106758,156.0,486.8743929101449,0.0006321521691519359,10.0,10.478972082950538,95.22953457326471
bootstrap_509,1e-08,0.04471440009866637,156.0,498.2532186120645,0.00027200870096974526,10.0,9.153237200559778,92.49188790413832
bootstrap_510,1e-08,0.04526734727994037,156.0,497.92634585112205,0.00027180668284183096,10.0,9.09510463180803,96.14049785225123
bootstrap_511,1e-08,0.04512525387002798,156.0,498.70616190175014,0.0002717089643870373,10.0,9.076389616402814,93.11873104113907
bootstrap_512,1e-08,0.044111254789617485,156.0,493.49085776160956,0.00027119950966924763,10.0,9.381656116770781,99.54989692564983
bootstrap_513,1e-08,0.06144931502955707,18393.636463268063,358.5095594149303,0.00030929006756825073,8.632172200348785,9.543912299200901,100.81988720412487
bootstrap_514,1e-08,0.010394598794860287,156.0,466.7635253861829,0.0005709942905742421,10.0,9.910932766230541,86.06728194282256
bootstrap_515,1e-08,0.04596581085628408,156.0,498.06677228044396,0.00027255179717465674,10.0,8.992816065444252,89.2930833086842
bootstrap_516,1e-08,0.030725246733604498,156.0,500.0,0.00026915334696373173,10.0,10.532399999999996,89.81737569645787
bootstrap_517,1e-08,0.04662395137383178,156.0,499.8376802791724,0.000268672298127338,10.0,9.310207499888378,89.02988978066547
bootstrap_518,1e-08,0.030230721825277578,156.0,500.0,0.0002688542782927416,10.0,10.532399999999999,91.92652748248516
bootstrap_519,1e-08,0.04342929058832745,156.0,497.10194749312984,0.0002712147890810259,10.0,9.164949779677988,96.9855541939962
bootstrap_520,1e-08,0.060495824001007587,156.0,500.0,0.0006204068049063603,10.0,10.532035762321083,90.74248197375292
bootstrap_521,1e-08,0.030112695654438415,156.0,500.0,0.0002687005781031212,10.0,10.531873148249122,88.58808144294069
bootstrap_522,1e-08,0.03105684971765364,156.0,499.97491892020196,0.00026941569587185076,10.0,10.531416492511735,93.19626749080432
bootstrap_523,1e-08,0.04825682222124228,156.0,492.12410685316223,0.00026900517202077225,10.0,9.493455822333225,97.69398356286096
bootstrap_524,1e-08,0.010617778637387158,156.0,453.28157932879026,0.0005462759337151457,10.0,9.838650859665922,93.85004741833436
bootstrap_525,1e-08,0.04511981908868769,156.0,497.96370112977195,0.000271699868926738,10.0,9.11131218896636,86.49790862652509
bootstrap_526,1e-08,0.04471442704094076,156.0,498.25363243146114,0.00027200887419569485,10.0,9.153248373528946,90.94419678369607
bootstrap_527,1e-08,0.04494997715118011,156.0,496.90734034975424,0.00027140386786465344,10.0,9.121786387386523,99.50981613506328
bootstrap_528,1e-08,0.03576222272155667,14723.898212550104,333.79237039088844,0.0002935668271804321,7.868374232612052,9.914375175128914,86.33443489842593
bootstrap_529,1e-08,0.0451054811228238,156.0,497.0147335016664,0.00027155797197578205,10.0,9.125653786853372,97.24447670253456
bootstrap_530,1e-08,0.03321694920291615,156.0,489.195154248412,0.000270657815982772,10.0,10.53236627531287,88.05445533439439
bootstrap_531,1e-08,0.048543931022542015,156.0,493.4095458718848,0.00026910085160840335,10.0,9.468596836790894,84.54217649916704
bootstrap_532,1e-08,0.032297504977078895,156.0,488.9540525225092,0.0002700057863284617,10.0,10.5324,90.79446293841967
bootstrap_533,1e-08,0.01042447449110736,156.0,447.4763014067895,0.0005630839013673712,10.0,9.813818501719354,95.00916436176124
bootstrap_534,1e-08,0.030615842993574838,156.0,500.0,0.0002691088723249256,10.0,10.532263283041134,95.33838111552457
bootstrap_535,1e-08,0.030615842993574838,156.0,500.0,0.0002691088723249256,10.0,10.532263283041134,97.63677319270744
bootstrap_536,1e-08,0.04512438920561712,156.0,498.7102676526754,0.00027170940886486386,10.0,9.076462180251678,94.9525855599544
bootstrap_537,1e-08,0.054905824905666686,156.0,500.0,0.0005942752533376866,10.0,10.532360906552928,86.65616538965702
bootstrap_538,1e-08,0.04343156951134304,156.0,496.4295630830828,0.0002712579904665546,10.0,9.134082461753117,84.87237014942846
bootstrap_539,1e-08,0.060247476563361116,156.0,500.0,0.0006570790340820261,10.0,10.532312121307918,92.69504657021473
bootstrap_540,1e-08,0.04005476032848576,156.0,494.8731763346092,0.0002701972066893216,10.0,8.926018023778553,95.92901349205806
bootstrap_541,1e-08,0.030615842993574838,156.0,500.0,0.0002691088723249256,10.0,10.532263283041134,93.1216423819632
bootstrap_542,1e-08,0.044714064930692785,156.0,498.254190747283,0.000272008761942317,10.0,9.153262484884445,93.4410159086801
bootstrap_543,1e-08,0.010504214222001883,156.0,447.2590383421001,0.0005628157987652023,10.0,9.806642485142323,80.2978024694415
bootstrap_544,1e-08,0.06026697027437236,156.0,499.976818225853,0.0006569897784169463,10.0,10.531675469988624,97.5353682198184
bootstrap_545,1e-08,0.04468490317019615,156.0,497.9817911920469,0.0002719421522255494,10.0,9.149519393562741,93.51856871963862
bootstrap_546,1e-08,0.043438580329532794,156.0,497.1320329795326,0.00027122057517713706,10.0,9.163517482215342,94.5019560293442
bootstrap_547,1e-08,0.04467429885033498,156.0,498.52626263670476,0.00027136906607416956,10.0,9.083654163903997,94.08935845667338
bootstrap_548,1e-08,0.04514234751507055,156.0,498.5965100315436,0.0002716873200468735,10.0,9.079993548453803,92.12521142746212
bootstrap_549,1e-08,0.010394430828839448,156.0,466.76513072556247,0.0005710061518880053,10.0,9.91098756706673,90.18186402563194
bootstrap_550,1e-08,0.04342982873998026,156.0,497.10143978559273,0.0002712146793268429,10.0,9.16487248141576,101.27257336456171
bootstrap_551,1e-08,0.030615842993574838,156.0,500.0,0.0002691088723249256,10.0,10.532263283041134,92.47380252078338
bootstrap_552,1e-08,0.04937038347770038,156.0,493.62332567583917,0.00026936643758876134,10.0,9.4745055552077,93.02153796657429
bootstrap_553,1e-08,0.04881597956018827,156.0,492.9054148428869,0.00026921435066893035,10.0,9.477137399181853,92.82204560149442
bootstrap_554,1e-08,0.04765619864637085,156.0,499.97106324289615,0.00026975026287500315,10.0,9.13475766997185,87.40502439248273
bootstrap_555,1e-08,0.04343099100319857,156.0,496.42007070171593,0.00027125660946841063,10.0,9.134084936988533,94.47418171642511
bootstrap_556,1e-08,0.04765540365445757,156.0,499.9718892762987,0.00026974975774163746,10.0,9.13547265316478,98.70971518281928
bootstrap_557,1e-08,0.031131767390667794,156.0,499.99926992169924,0.0002694748204172072,10.0,10.530589735558404,89.67388900977265
bootstrap_558,1e-08,0.043424790401036,156.0,496.4057910864281,0.0002712515028103189,10.0,9.134296470639773,101.74486964590565
bootstrap_559,1e-08,0.04317847584400321,156.0,496.9360646101644,0.0002707204336659381,10.0,9.531281707980835,96.25495907410412
bootstrap_560,1e-08,0.04468643156081676,156.0,498.0963501549756,0.00027146546506320055,10.0,9.087239894675239,82.85893050425419
bootstrap_561,1e-08,0.045102846780200836,156.0,498.70201590048964,0.00027169803787486797,10.0,9.07791717378646,91.68364854958513
bootstrap_562,1e-08,0.04342929058832745,156.0,497.10194749312984,0.0002712147890810259,10.0,9.164949779677988,98.86692543602135
bootstrap_563,1e-08,0.029916149672245144,156.0,499.99863598064724,0.0002686816164334977,10.0,10.53231799133956,92.3583242872002
bootstrap_564,1e-08,0.04812678231762513,156.0,499.901479544924,0.0002700620981725673,10.0,9.116471115508261,94.65605657081463
bootstrap_565,1e-08,0.04343856513727032,156.0,497.1320545280142,0.000271220568200381,10.0,9.163518269924253,92.67884397872804
bootstrap_566,1e-08,0.045125074060744674,156.0,498.7067031578971,0.0002717088977921382,10.0,9.076403709429115,87.66214755505604
bootstrap_567,1e-08,0.010394235484195049,156.0,466.9018709845651,0.0005711808745236923,10.0,9.910081199294368,100.4898552371869
bootstrap_568,1e-08,0.04682143342135532,156.0,499.712692714405,0.00026872601092374677,10.0,9.293121845729452,91.6643190451664
bootstrap_569,1e-08,0.031065695146958602,156.0,499.9710146636199,0.000269458085746421,10.0,10.528717414014988,102.82565693428373
bootstrap_570,1e-08,0.06117059903081873,156.0,474.45436863771783,0.000634571738688578,10.0,10.5324,84.77372246755228
bootstrap_571,1e-08,0.04844635843459423,156.0,490.64488647873355,0.0002692395163050943,10.0,9.516345599710974,98.24807209245576
bootstrap_572,1e-08,0.04512512112638484,156.0,498.70655909543933,0.00027170891291451455,10.0,9.076399419846567,87.55077599560394
bootstrap_573,1e-08,0.04467429885033498,156.0,498.52626263670476,0.00027136906607416956,10.0,9.083654163903997,93.7343979047528
bootstrap_574,1e-08,0.044854968981330214,156.0,497.6378550118609,0.00027202681189897934,10.0,9.150209944364896,87.21325876783973
bootstrap_575,1e-08,0.04413149650146805,156.0,493.52997107792123,0.00027120372451759254,10.0,9.383807012162258,94.12620384927258
bootstrap_576,1e-08,0.04596412048705743,156.0,498.06762371957495,0.0002725504741137014,10.0,8.992848367743502,95.30048763173785
bootstrap_577,1e-08,0.044999376582259346,156.0,496.89457515225536,0.00027148368443885617,10.0,9.128445513043287,90.1494251431487
bootstrap_578,1e-08,0.04858158951338318,156.0,493.050411876559,0.0002691057397984518,10.0,9.478623513999857,99.33820468002301
bootstrap_579,1e-08,0.04847226003120504,156.0,493.3916793177688,0.0002690733624783453,10.0,9.469339831133219,88.7597629295853
bootstrap_580,1e-08,0.03670123738502254,156.0,498.4491965805174,0.00026816280189556407,10.0,9.074960898553769,94.37018953077065
bootstrap_581,1e-08,0.04512491317168885,156.0,498.7096871638122,0.00027170959116084876,10.0,9.076460300474427,84.52021826126081
bootstrap_582,1e-08,0.043430270277730665,156.0,496.414943528118,0.00027125474165837877,10.0,9.133330151012974,88.04344007850538
bootstrap_583,1e-08,0.06047001160444332,156.0,500.0,0.0006577563198992694,10.0,10.5324,94.52704769544934
bootstrap_584,1e-08,0.06056380442550754,156.0,499.99634546734615,0.0006583644861043191,10.0,10.5322552270006,89.7047000817926
bootstrap_585,1e-08,0.04343075846490593,156.0,496.4178346516396,0.0002712563048090735,10.0,9.134081624400864,88.67781641461308
bootstrap_586,1e-08,0.04163630687871239,156.0,498.8826141707143,0.00026985805818545894,10.0,9.017461300284872,92.73197728973217
bootstrap_587,1e-08,0.04343914665656341,156.0,497.130907492858,0.0002712203864730811,10.0,9.163478460127315,81.72084866757857
bootstrap_588,1e-08,0.03318660088387274,156.0,489.1131923096493,0.0002706353591409012,10.0,10.53235456341062,88.1854990181903
bootstrap_589,1e-08,0.04512436999008981,156.0,496.99247709807844,0.00027148716548144387,10.0,9.126991368048756,92.41939561278785
bootstrap_590,1e-08,0.04468620146052943,156.0,498.09513079817566,0.0002714651692299642,10.0,9.08727133734049,94.15777900390088
bootstrap_591,1e-08,0.035767588851297855,14724.784730353416,333.81765407848127,0.00029357673364923135,7.868447230003418,9.914294239403066,86.39100825999977
bootstrap_592,1e-08,0.04462350939892168,156.0,497.9995404754918,0.00027191348495497254,10.0,9.153021373463094,95.0664060421608
bootstrap_593,1e-08,0.06027661741015648,156.0,488.9140159498516,0.0006335294435054325,10.0,10.530439369421845,86.21664330016431
bootstrap_594,1e-08,0.060495824001007587,156.0,500.0,0.0006204068049063603,10.0,10.532035762321083,85.60294887483784
bootstrap_595,1e-08,0.04752056964554539,156.0,499.2825415758002,0.0002697413197078859,10.0,9.137586948585675,82.75502396075477
bootstrap_596,1e-08,0.012115440558267064,156.0,270.17614465701155,0.0002572413561220003,10.0,10.529578657288157,96.31809977875338
bootstrap_597,1e-08,0.04468585108864928,156.0,498.0962558861351,0.0002714650707007941,10.0,9.087265735573004,92.39612193907384
bootstrap_598,1e-08,0.06018968848905815,156.0,489.20998983426597,0.000633213969167755,10.0,10.531785778526489,94.16274420039815
bootstrap_599,1e-08,0.04343867413813053,156.0,497.1318963690905,0.0002712205924749459,10.0,9.163514346736758,95.53665041230231
bootstrap_600,1e-08,0.03053783041614594,156.0,500.0,0.00026899538563269023,10.0,10.532333954842699,87.92693608728322
bootstrap_601,1e-08,0.04512512112638484,156.0,498.70655909543933,0.00027170891291451455,10.0,9.076399419846567,92.4089887524236
bootstrap_602,1e-08,0.04469449174931744,156.0,498.2418427079084,0.0002719980676296236,10.0,9.154684280641094,96.27905152192585
bootstrap_603,1e-08,0.010490210843321607,156.0,447.57695149912934,0.0005667982089826093,10.0,9.762272586479758,84.0812899533864
bootstrap_604,1e-08,0.0586127926429513,156.0,475.8775021773937,0.0006209873452458315,10.0,10.4798926256502,97.25257505673079
bootstrap_605,1e-08,0.04596609949719907,156.0,498.06679383551733,0.0002725520094196709,10.0,8.992791624923523,84.54654429400908
bootstrap_606,1e-08,0.05965427622904687,156.0,484.35600089375754,0.0006267257719496529,10.0,10.47981110947424,95.26346369893606
bootstrap_607,1e-08,0.03665398496689043,156.0,498.43694434341256,0.0002681217393395262,10.0,9.083650503826071,89.27005650641871
bootstrap_608,1e-08,0.044950740457374724,156.0,498.6436120517312,0.00027212223769435364,10.0,9.147412470436578,83.35247596123565
bootstrap_609,1e-08,0.04511041779955235,156.0,497.13898092714385,0.0002715123296505392,10.0,9.120378643163773,86.0004638768496
bootstrap_610,1e-08,0.05904684244699263,156.0,488.27403222974806,0.0006288147190233275,10.0,10.52254338986837,89.39779967611058
bootstrap_611,1e-08,0.030615842993574838,156.0,500.0,0.0002691088723249256,10.0,10.532263283041134,100.81360480866323
bootstrap_612,1e-08,0.036664121480049564,156.0,498.4404306399291,0.0002681299861254195,10.0,9.08197268503396,99.51885694513003
bootstrap_613,1e-08,0.04716923354731099,156.0,497.51605054419065,0.0002696493354352896,10.0,9.1626878655238,91.32089669392367
bootstrap_614,1e-08,0.045051336420930926,156.0,498.6427476938072,0.00027166505462997403,10.0,9.081051158420891,80.65390414270216
bootstrap_615,1e-08,0.060485077201184734,156.0,500.0,0.0006585488017592467,10.0,10.5324,93.4955114518373
bootstrap_616,1e-08,0.0595018107795456,156.0,500.0,0.0006240336749805066,10.0,10.53233650676664,87.73881645889713
bootstrap_617,1e-08,0.044671840019199965,156.0,498.52155222868475,0.0002713723251928479,10.0,9.084088207824838,82.38066784281834
bootstrap_618,1e-08,0.047176251082831674,156.0,497.5536336934375,0.0002696548244168717,10.0,9.161778441092789,94.68459679386773
bootstrap_619,1e-08,0.01,156.0,500.0,0.0002554,10.0,10.528978755948078,96.70452166452036
bootstrap_620,1e-08,0.010394711200857054,156.0,466.7622867060752,0.0005709937220635641,10.0,9.910924081766717,94.46620199224309
bootstrap_621,1e-08,0.03574241736588712,14744.388702777382,333.7388925451513,0.00029360240340942046,7.872729651986281,9.914330920395091,92.99626574948797
bootstrap_622,1e-08,0.043438547604281834,156.0,497.1320957895367,0.0002712205623096143,10.0,9.163518448305348,88.95973003657197
bootstrap_623,1e-08,0.029881759095109903,156.0,499.990867294022,0.0002686140724911329,10.0,10.53185962462173,99.83574046127251
bootstrap_624,1e-08,0.04510093429779549,156.0,496.9577829581543,0.0002714774122452739,10.0,9.12991125759561,95.82582573532488
bootstrap_625,1e-08,0.01,156.0,500.0,0.0002554,10.0,10.531370385024564,90.182883774425
bootstrap_626,1e-08,0.060495824001007587,156.0,500.0,0.0006204068049063603,10.0,10.532035762321083,97.97790383577023
bootstrap_627,1e-08,0.01042447449110736,156.0,447.4763014067895,0.0005630839013673712,10.0,9.813818501719354,87.91630277411896
bootstrap_628,1e-08,0.04667907574993522,156.0,499.85513500695396,0.0002686892734694493,10.0,9.311883574531237,82.32197696049904
bootstrap_629,1e-08,0.025873241554714627,156.0,499.98453007543145,0.00026565210827377624,10.0,10.531386383049114,90.15878371782333
bootstrap_630,1e-08,0.0446717831499151,156.0,498.5328166522994,0.0002713700773075158,10.0,9.084019191540905,89.09776546332326
bootstrap_631,1e-08,0.04343075846490593,156.0,496.4178346516396,0.0002712563048090735,10.0,9.134081624400864,94.20904331495309
bootstrap_632,1e-08,0.045054637494432746,156.0,498.65511386522246,0.00027166680015185856,10.0,9.080679279959195,91.08957717606687
bootstrap_633,1e-08,0.03321050345320864,156.0,489.21050605844863,0.00027065337059529993,10.0,10.532330973336418,87.92926868666063
bootstrap_634,1e-08,0.033240420812283525,156.0,489.3234312337717,0.00027067419100569384,10.0,10.532399999999999,82.94259873748123
bootstrap_635,1e-08,0.04343053186550617,156.0,496.42078525824866,0.0002712564991364814,10.0,9.13415438619164,90.7191945559192
bootstrap_636,1e-08,0.04596412048705743,156.0,498.06762371957495,0.0002725504741137014,10.0,8.992848367743502,110.06927858553198
bootstrap_637,1e-08,0.04946441180182072,156.0,493.6588217774058,0.00026940134268974394,10.0,9.475598495926194,98.38373682063329
bootstrap_638,1e-08,0.030615842993574838,156.0,500.0,0.0002691088723249256,10.0,10.532263283041134,79.22452044602066
bootstrap_639,1e-08,0.051227463660957304,156.0,500.0,0.0005692402139447063,10.0,10.532396555371562,88.90068431691543
bootstrap_640,1e-08,0.043428637644990574,156.0,496.42627019463475,0.0002712557445055038,10.0,9.134069622162444,99.63535835771826
bootstrap_641,1e-08,0.03665398496689043,156.0,498.43694434341256,0.0002681217393395262,10.0,9.083650503826071,84.0611798371703
bootstrap_642,1e-08,0.031144445740981387,156.0,499.99919146798027,0.00026948164134293207,10.0,10.529774627199352,90.37255726269835
bootstrap_643,1e-08,0.04249201642945534,156.0,458.968599645474,0.00026714201282758816,10.0,9.150771073686993,87.74920788345457
bootstrap_644,1e-08,0.04412714586717392,156.0,493.5199203705055,0.000271202081579895,10.0,9.38402944438176,97.97446290341192
bootstrap_645,1e-08,0.04467428294129,156.0,498.52611536520715,0.00027136903417171487,10.0,9.083653336745508,91.8794513045242
bootstrap_646,1e-08,0.046820312923705906,156.0,499.7153507140008,0.0002687255862290488,10.0,9.293109694484862,85.875424188506
bootstrap_647,1e-08,0.04475888032816282,156.0,498.3170247271551,0.00027143926158203647,10.0,9.089414667255376,88.43568936506203
bootstrap_648,1e-08,0.06056380442550754,156.0,499.99634546734615,0.0006583644861043191,10.0,10.5322552270006,89.02148567307421
bootstrap_649,1e-08,0.045047416299216644,156.0,498.6517779275107,0.0002716627692445818,10.0,9.081550790050585,88.2796873491437
bootstrap_650,1e-08,0.04467502988151325,156.0,498.5319067420418,0.00027136977232378276,10.0,9.083627596573548,91.3503239610969
bootstrap_651,1e-08,0.04467436007626052,156.0,498.5262144278164,0.00027136917793952513,10.0,9.083658962593638,84.24136910922037
bootstrap_652,1e-08,0.043438477839142675,156.0,497.129277638501,0.0002712197565755164,10.0,9.16372429158191,93.83387474132716
bootstrap_653,1e-08,0.05985631973685916,156.0,500.0,0.0006535562970027165,10.0,10.53045863519645,92.3996467678193
bootstrap_654,1e-08,0.044617620348774756,156.0,497.98925618558246,0.00027190872822372623,10.0,9.153344239053716,88.99113800806147
bootstrap_655,1e-08,0.060031791028809414,156.0,488.7706388214773,0.0006323344672633854,10.0,10.531391776606222,83.64244076417395
bootstrap_656,1e-08,0.01,156.0,500.0,0.0002554,10.0,10.531370385024564,93.95543754252878
bootstrap_657,1e-08,0.01044293576870451,156.0,466.69677338526105,0.0005695854346162458,10.0,9.908938898829675,98.99336419257745
bootstrap_658,1e-08,0.04511988854732156,156.0,497.9638547805017,0.0002716999012791506,10.0,9.111315741223496,85.3660557869019
bootstrap_659,1e-08,0.04586527189298788,156.0,496.5117160128378,0.00027197631458976705,10.0,9.163856064481639,88.35577035377436
bootstrap_660,1e-08,0.025066695088780632,156.0,499.97141544741703,0.00026502506511022115,10.0,10.530405740278436,90.13631771841483
bootstrap_661,1e-08,0.045124131938346815,156.0,498.70939490517674,0.0002717091535869141,10.0,9.076468444387816,92.81522718999332
bootstrap_662,1e-08,0.04467429885033498,156.0,498.52626263670476,0.00027136906607416956,10.0,9.083654163903997,90.58562238267167
bootstrap_663,1e-08,0.06056380442550754,156.0,499.99634546734615,0.0006583644861043191,10.0,10.5322552270006,91.62538042129682
bootstrap_664,1e-08,0.030615842993574838,156.0,500.0,0.0002691088723249256,10.0,10.532263283041134,89.59436158733304
bootstrap_665,1e-08,0.043438547604281834,156.0,497.1320957895367,0.0002712205623096143,10.0,9.163518448305348,97.30541919950221
bootstrap_666,1e-08,0.0595825247976597,156.0,500.0,0.0006251470767658393,10.0,10.53229196340187,85.94565558287323
bootstrap_667,1e-08,0.03134686245800102,156.0,499.9730802012641,0.0002696990514822333,10.0,10.531521405265543,90.62345305507948
bootstrap_668,1e-08,0.04594866010617131,156.0,498.0630314606015,0.00027254167526444197,10.0,8.994280175955549,95.42882089204245
bootstrap_669,1e-08,0.045132972629773185,156.0,498.57752782875434,0.0002716914936308669,10.0,9.08213456669203,94.8483059722265
bootstrap_670,1e-08,0.024615602134092612,156.0,499.9666546728819,0.0002646816267598553,10.0,10.529942275661053,87.89105055212583
bootstrap_671,1e-08,0.04545586808443142,156.0,496.9207901747484,0.00027238541972711666,10.0,9.17324618066287,86.13300163796947
bootstrap_672,1e-08,0.045124913892459345,156.0,498.73171513600914,0.00027170828778028415,10.0,9.076075000416044,91.07254268009058
bootstrap_673,1e-08,0.04414558076475474,156.0,493.53860878195917,0.00027121107471134674,10.0,9.383219230751429,98.9557891108569
bootstrap_674,1e-08,0.0600827666810249,156.0,500.0,0.0006540547136625448,10.0,10.53165163927078,95.29245518973556
bootstrap_675,1e-08,0.029922211770452855,156.0,500.0,0.0002685090484809036,10.0,10.5324,88.35728821097648
bootstrap_676,1e-08,0.0595018107795456,156.0,500.0,0.0006240336749805066,10.0,10.53233650676664,92.94956683847366
bootstrap_677,1e-08,0.043438547604281834,156.0,497.1320957895367,0.0002712205623096143,10.0,9.163518448305348,85.46348623947132
bootstrap_678,1e-08,0.043431598740672296,156.0,496.4218509918843,0.0002712568865798903,10.0,9.134037269974538,94.93709253558379
bootstrap_679,1e-08,0.04844630294697412,156.0,490.6446984724395,0.000269239489457187,10.0,9.516353620106248,86.2293889856766
bootstrap_680,1e-08,0.01,156.0,500.0,0.0002554,10.0,10.531370385024564,90.9485482461489
bootstrap_681,1e-08,0.04857645467478384,156.0,493.746182188436,0.0002690363486610816,10.0,9.47843193427228,92.73499883560139
bootstrap_682,1e-08,0.04847226003120504,156.0,493.3916793177688,0.0002690733624783453,10.0,9.469339831133219,85.77125017606997
bootstrap_683,1e-08,0.06058294455925167,156.0,500.0,0.0006156605859166087,10.0,10.53217040418011,86.03846047370867
bootstrap_684,1e-08,0.06108634154645543,18310.58287914491,358.40333094632217,0.00030895179277294236,8.610869984141734,9.55067243607807,91.79574528468743
bootstrap_685,1e-08,0.043438547604281834,156.0,497.1320957895367,0.0002712205623096143,10.0,9.163518448305348,91.62085124786769
bootstrap_686,1e-08,0.044686151238631996,156.0,498.0959199740636,0.00027146526702025446,10.0,9.087258571572864,82.87456135114091
bootstrap_687,1e-08,0.04237278143122011,156.0,493.21517601237144,0.00027044990974491034,10.0,9.34423797017898,101.08083032148296
bootstrap_688,1e-08,0.043438547604281834,156.0,497.1320957895367,0.0002712205623096143,10.0,9.163518448305348,100.9883249495943
bootstrap_689,1e-08,0.043430632957944255,156.0,496.4176584958844,0.00027125622382751,10.0,9.134086074430513,86.0205343798399
bootstrap_690,1e-08,0.03105607571844573,156.0,500.0,0.0002694227589488672,10.0,10.529539105880836,91.87363761575529
bootstrap_691,1e-08,0.0309983235329754,156.0,499.9889074570451,0.00026946487762360163,10.0,10.532060996692293,92.73827067668914
bootstrap_692,1e-08,0.04596581085628408,156.0,498.06677228044396,0.00027255179717465674,10.0,8.992816065444252,82.24842235993744
bootstrap_693,1e-08,0.045019059538670345,156.0,498.08828421303167,0.00027167646722826497,10.0,9.11021577002898,95.63194352693318
bootstrap_694,1e-08,0.061447275979699456,18393.437647017396,358.5081723121301,0.00030928917881384516,8.632132462574175,9.543940622598914,92.79241227284672
bootstrap_695,1e-08,0.04470690798193429,156.0,498.21557548844646,0.00027166104304163924,10.0,9.109118560391863,88.01966899546518
bootstrap_696,1e-08,0.059850666169520415,156.0,487.26268994427994,0.0006269154847661262,10.0,10.48490766553697,92.03447380747387
bootstrap_697,1e-08,0.045124131938346815,156.0,498.70939490517674,0.0002717091535869141,10.0,9.076468444387816,77.7687561730559
bootstrap_698,1e-08,0.04343060861146653,156.0,496.41835745469143,0.0002712562828628878,10.0,9.13409408459314,92.55430773590108
bootstrap_699,1e-08,0.04467429885033498,156.0,498.52626263670476,0.00027136906607416956,10.0,9.083654163903997,85.0845123114479
bootstrap_700,1e-08,0.025066695088780632,156.0,499.97141544741703,0.00026502506511022115,10.0,10.530405740278436,84.94499650353472
bootstrap_701,1e-08,0.043424790401036,156.0,496.4057910864281,0.0002712515028103189,10.0,9.134296470639773,84.4443741103267
bootstrap_702,1e-08,0.060209893138775006,156.0,500.0,0.0006569385948596142,10.0,10.5324,95.07856849290124
bootstrap_703,1e-08,0.010425867489946224,156.0,447.5417604906361,0.0005633069422142444,10.0,9.812374012239385,89.1081812964357
bootstrap_704,1e-08,0.060072389851230534,156.0,500.0,0.000656006577845742,10.0,10.5324,82.55901911811675
bootstrap_705,1e-08,0.04467428292996749,156.0,498.5260138492529,0.00027136907168203047,10.0,9.083651712627475,96.56570009135119
bootstrap_706,1e-08,0.0481603663268132,156.0,491.0869233366499,0.0002689940915104305,10.0,9.51657989875992,86.38917291355776
bootstrap_707,1e-08,0.03583385236462033,14815.602218431992,334.0428059391456,0.0002937945946959249,7.887928540331236,9.912339833886696,92.68567487475055
bootstrap_708,1e-08,0.010393147038259873,156.0,466.7942978440277,0.0005710438147555072,10.0,9.911562636029297,84.09397624302154
bootstrap_709,1e-08,0.010395151259627599,156.0,466.76314134130524,0.0005709860855942551,10.0,9.910802454050597,89.10921442058955
bootstrap_710,1e-08,0.0600827666810249,156.0,500.0,0.0006540547136625448,10.0,10.53165163927078,90.81540473916749
bootstrap_711,1e-08,0.06020311964685465,156.0,489.26097631888445,0.0006332730625592931,10.0,10.53137528202464,91.28385604072517
bootstrap_712,1e-08,0.04471461630106649,156.0,498.2537417078858,0.00027200896582655964,10.0,9.153248934509051,89.81568180398845
bootstrap_713,1e-08,0.04497747453261995,156.0,497.2057390580827,0.0002714565843141627,10.0,9.121688050049404,97.25743128039403
bootstrap_714,1e-08,0.01042447449110736,156.0,447.4763014067895,0.0005630839013673712,10.0,9.813818501719354,85.58950334715763
bootstrap_715,1e-08,0.053060234814371374,156.0,500.0,0.0005623812732459895,10.0,10.532292086139314,96.35064651219813
bootstrap_716,1e-08,0.043438547604281834,156.0,497.1320957895367,0.0002712205623096143,10.0,9.163518448305348,93.83534848646265
bootstrap_717,1e-08,0.04512512112638484,156.0,498.70655909543933,0.00027170891291451455,10.0,9.076399419846567,105.83351507223453
bootstrap_718,1e-08,0.043438477839142675,156.0,497.129277638501,0.0002712197565755164,10.0,9.16372429158191,80.99354313776502
bootstrap_719,1e-08,0.030615842993574838,156.0,500.0,0.0002691088723249256,10.0,10.532263283041134,90.83612198612086
bootstrap_720,1e-08,0.04342982873998026,156.0,497.10143978559273,0.0002712146793268429,10.0,9.16487248141576,84.38397349052293
bootstrap_721,1e-08,0.010394689235321618,156.0,466.75888384515963,0.0005709883944976924,10.0,9.910946093282899,85.77983728951406
bootstrap_722,1e-08,0.042492037485851744,156.0,458.9687371543496,0.00026714201682088415,10.0,9.150773282272652,89.93330825260492
bootstrap_723,1e-08,0.030615842993574838,156.0,500.0,0.0002691088723249256,10.0,10.532263283041134,89.84626547401841
bootstrap_724,1e-08,0.04343060861146653,156.0,496.41835745469143,0.0002712562828628878,10.0,9.13409408459314,91.67491611461638
bootstrap_725,1e-08,0.060247476563361116,156.0,500.0,0.0006570790340820261,10.0,10.532312121307918,101.80869130473954
bootstrap_726,1e-08,0.06056833753011716,156.0,499.9949754150905,0.0006583437159128087,10.0,10.532239308341435,91.73826722361784
bootstrap_727,1e-08,0.047176268187543,156.0,497.55383445020993,0.0002696547853265847,10.0,9.161754594156518,94.80073776964608
bootstrap_728,1e-08,0.05965427391158737,156.0,484.3559989006724,0.0006267257050370869,10.0,10.479810658349447,95.83249775665254
bootstrap_729,1e-08,0.04596581085628408,156.0,498.06677228044396,0.00027255179717465674,10.0,8.992816065444252,86.38871000783537
bootstrap_730,1e-08,0.030374534612499435,156.0,500.0,0.00026890866751583123,10.0,10.530522985664398,93.07360129025999
bootstrap_731,1e-08,0.010420466491854644,156.0,446.49725504565714,0.0005626106885029288,10.0,9.818395454228867,94.52965026318886
bootstrap_732,1e-08,0.0481603663268132,156.0,491.0869233366499,0.0002689940915104305,10.0,9.51657989875992,95.04475206363675
bootstrap_733,1e-08,0.030615842993574838,156.0,500.0,0.0002691088723249256,10.0,10.532263283041134,92.67064133299795
bootstrap_734,1e-08,0.053060234814371374,156.0,500.0,0.0005623812732459895,10.0,10.532292086139314,96.00241706645488
bootstrap_735,1e-08,0.04300548981097555,156.0,458.2743655503863,0.0002672872419409297,10.0,9.121345930472849,94.10494610287407
bootstrap_736,1e-08,0.03318659747895482,156.0,489.11328737568493,0.000270635353647591,10.0,10.532354692072186,85.1487783924769
bootstrap_737,1e-08,0.06056380442550754,156.0,499.99634546734615,0.0006583644861043191,10.0,10.5322552270006,85.55220828583796
bootstrap_738,1e-08,0.031131767390667794,156.0,499.99926992169924,0.0002694748204172072,10.0,10.530589735558404,88.2912318706744
bootstrap_739,1e-08,0.010504256483184576,156.0,447.25706080430894,0.0005628128793524478,10.0,9.806608266295104,94.81500731932259
bootstrap_740,1e-08,0.043428637644990574,156.0,496.42627019463475,0.0002712557445055038,10.0,9.134069622162444,93.06713252397057
bootstrap_741,1e-08,0.04682154791515275,156.0,499.71254123636413,0.00026872605657974897,10.0,9.293123235890683,90.44015488482363
bootstrap_742,1e-08,0.04300550737562636,156.0,458.27437325925223,0.0002672872468398464,10.0,9.12134583884052,90.64218930505609
bootstrap_743,1e-08,0.010039860116291342,337.71352348579785,494.2760741828075,0.0008384354543092013,10.0,10.38849908945216,94.78350105020331
bootstrap_744,1e-08,0.043438547604281834,156.0,497.1320957895367,0.0002712205623096143,10.0,9.163518448305348,82.4202553925872
bootstrap_745,1e-08,0.030299427541889034,156.0,500.0,0.0002694645037154393,10.0,10.5324,94.49413380424538
bootstrap_746,1e-08,0.044686151238631996,156.0,498.0959199740636,0.00027146526702025446,10.0,9.087258571572864,91.51050638569897
bootstrap_747,1e-08,0.030615842993574838,156.0,500.0,0.0002691088723249256,10.0,10.532263283041134,88.12705282910647
bootstrap_748,1e-08,0.010244266240131847,156.0,474.53305677289563,0.0005772932944128222,10.0,9.975260507159183,94.89575552588732
bootstrap_749,1e-08,0.04497747453261995,156.0,497.2057390580827,0.0002714565843141627,10.0,9.121688050049404,97.90467679976655
bootstrap_750,1e-08,0.036664121480049564,156.0,498.4404306399291,0.0002681299861254195,10.0,9.08197268503396,88.00820769266804
bootstrap_751,1e-08,0.060563220383677806,156.0,499.99640480580973,0.0006583428221826862,10.0,10.532256795456068,94.5471202607966
bootstrap_752,1e-08,0.043438547604281834,156.0,497.1320957895367,0.0002712205623096143,10.0,9.163518448305348,90.85789641450155
bootstrap_753,1e-08,0.030615842993574838,156.0,500.0,0.0002691088723249256,10.0,10.532263283041134,97.8867445998652
bootstrap_754,1e-08,0.01039730321093239,156.0,466.7520554684956,0.0005708585520025027,10.0,9.910504507967332,94.19772709426941
bootstrap_755,1e-08,0.060485077201184734,156.0,500.0,0.0006585488017592467,10.0,10.5324,92.64783275257896
bootstrap_756,1e-08,0.04682136641943599,156.0,499.7131202289499,0.00026872595841513354,10.0,9.293127183327577,94.66020517714722
bootstrap_757,1e-08,0.010607147825075179,156.0,453.86878048998176,0.000544407000563772,10.0,9.834345644629822,89.58916151609223
bootstrap_758,1e-08,0.045045946019841035,156.0,496.9688914545399,0.00027152101756534495,10.0,9.126570241805563,89.97529491829707
bootstrap_759,1e-08,0.03181148622302399,12440.087133177769,335.99643075652153,0.0002832090526728166,7.22775379559539,10.003829388537804,94.74160825245717
bootstrap_760,1e-08,0.04854443375226902,156.0,493.410031953533,0.00026910098846466004,10.0,9.468599821027254,96.951843084464
bootstrap_761,1e-08,0.04511041779955235,156.0,497.13898092714385,0.0002715123296505392,10.0,9.120378643163773,91.62163038916903
bootstrap_762,1e-08,0.047176268187543,156.0,497.55383445020993,0.0002696547853265847,10.0,9.161754594156518,88.47237006231646
bootstrap_763,1e-08,0.04526734727994037,156.0,497.92634585112205,0.00027180668284183096,10.0,9.09510463180803,89.36140963116753
bootstrap_764,1e-08,0.044686151238631996,156.0,498.0959199740636,0.00027146526702025446,10.0,9.087258571572864,88.31727028605597
bootstrap_765,1e-08,0.01039488270821836,156.0,466.75946536043966,0.0005709835908016931,10.0,9.910949154485117,86.48708740621768
bootstrap_766,1e-08,0.06070781176429787,156.0,499.99328129225916,0.0006592944511036641,10.0,10.532304898879747,102.57363043648067
bootstrap_767,1e-08,0.04847226003120504,156.0,493.3916793177688,0.0002690733624783453,10.0,9.469339831133219,92.59691245870464
bootstrap_768,1e-08,0.031071178346728165,156.0,499.99809577921917,0.0002694366317938677,10.0,10.532244348932958,92.06724346514589
bootstrap_769,1e-08,0.04594866010617131,156.0,498.0630314606015,0.00027254167526444197,10.0,8.994280175955549,100.08183090830893
bootstrap_770,1e-08,0.044686110246812016,156.0,498.09577427284745,0.00027146523574582795,10.0,9.087262829489605,91.71991954553499
bootstrap_771,1e-08,0.0595018107795456,156.0,500.0,0.0006240336749805066,10.0,10.53233650676664,96.98290721436736
bootstrap_772,1e-08,0.04765630157399919,156.0,499.97331708429965,0.0002697502765454182,10.0,9.134713112773557,93.5360975005398
bootstrap_773,1e-08,0.06027084954744037,156.0,500.0,0.000656480900109024,10.0,10.5324,87.44056104123483
bootstrap_774,1e-08,0.030969088121207293,156.0,499.99404038136424,0.00026937263154414297,10.0,10.532116839443692,94.19827982167305
bootstrap_775,1e-08,0.04512437192538196,156.0,498.7101937808767,0.00027170937424393914,10.0,9.076475178162314,93.78451586079952
bootstrap_776,1e-08,0.035763091689075446,14723.594004179566,333.7943160598297,0.0002935654600456157,7.868254821044842,9.914368224807482,97.7553510350297
bootstrap_777,1e-08,0.043424790401036,156.0,496.4057910864281,0.0002712515028103189,10.0,9.134296470639773,90.83108481060475
bootstrap_778,1e-08,0.04512437192538196,156.0,498.7101937808767,0.00027170937424393914,10.0,9.076475178162314,89.47780766985238
bootstrap_779,1e-08,0.04468506053397045,156.0,497.9801272085812,0.0002719420729677535,10.0,9.149547635663758,96.72395920742089
bootstrap_780,1e-08,0.010055934083016282,1167.778734785485,469.1538978668255,0.000788502840486525,10.0,10.39236242117196,99.63157108306123
bootstrap_781,1e-08,0.010522981938516933,156.0,447.28600127252264,0.0005636042032728407,10.0,9.75418597948578,88.92476231116149
bootstrap_782,1e-08,0.04475885670001368,156.0,498.31627317106245,0.0002714396331317712,10.0,9.08945117173516,85.99857874206937
bootstrap_783,1e-08,0.030615842993574838,156.0,500.0,0.0002691088723249256,10.0,10.532263283041134,95.20421374122564
bootstrap_784,1e-08,0.010442851845117326,156.0,466.69960375905373,0.000569585433198798,10.0,9.909001173752754,85.7072817349122
bootstrap_785,1e-08,0.02946288142224639,156.0,499.9782178680117,0.0002682331954669346,10.0,10.529828138078937,93.56323719003082
bootstrap_786,1e-08,0.043430632957944255,156.0,496.4176584958844,0.00027125622382751,10.0,9.134086074430513,100.42007817800932
bootstrap_787,1e-08,0.04512438920561712,156.0,498.7102676526754,0.00027170940886486386,10.0,9.076462180251678,89.59494609743349
bootstrap_788,1e-08,0.06053427891110891,156.0,500.0,0.0006569205533156998,10.0,10.5324,90.37794681787065
bootstrap_789,1e-08,0.044854968981330214,156.0,497.6378550118609,0.00027202681189897934,10.0,9.150209944364896,96.7062065364785
bootstrap_790,1e-08,0.05861283621518917,156.0,475.87752087168656,0.0006209868960417358,10.0,10.479894447872208,94.77191747561638
bootstrap_791,1e-08,0.044685060533970436,156.0,497.9801272085812,0.0002719420729677535,10.0,9.149547635663758,92.70222053189887
bootstrap_792,1e-08,0.045183736341841876,156.0,497.0923922073815,0.0002715230565445948,10.0,9.12446413928992,85.29730310519149
bootstrap_793,1e-08,0.04512491317168885,156.0,498.7096871638122,0.00027170959116084876,10.0,9.076460300474427,86.27751653851176
bootstrap_794,1e-08,0.047546866105151506,156.0,499.27589889049443,0.0002697510743726219,10.0,9.135953658000446,90.73461289304413
bootstrap_795,1e-08,0.045125120992124096,156.0,498.7065998939247,0.0002717089205407656,10.0,9.076400968387413,92.04624262758036
bootstrap_796,1e-08,0.04481979300980224,156.0,497.0420415393452,0.00027137286814075826,10.0,9.127910208891649,85.61795542009278
bootstrap_797,1e-08,0.0481603663268132,156.0,491.0869233366499,0.0002689940915104305,10.0,9.51657989875992,91.51056233145714
bootstrap_798,1e-08,0.0451196030374858,156.0,497.0193445525549,0.00027148521632349673,10.0,9.12696431471684,81.7184529269526
bootstrap_799,1e-08,0.060485077201184734,156.0,500.0,0.0006585488017592467,10.0,10.5324,94.60681411279226
bootstrap_800,1e-08,0.0459189575811249,156.0,498.0236346012022,0.0002725229219423804,10.0,8.99367533233228,95.48295414974419
bootstrap_801,1e-08,0.04854443375226902,156.0,493.410031953533,0.00026910098846466004,10.0,9.468599821027254,90.8293091006894
bootstrap_802,1e-08,0.0100669447450372,792.6844359409031,480.72040449437765,0.000793504099792023,10.0,10.303896050326014,94.33227719583893
bootstrap_803,1e-08,0.045019068652745964,156.0,498.0883460303045,0.0002716764759268873,10.0,9.110215391429174,95.27020014104887
bootstrap_804,1e-08,0.044144195415998996,156.0,493.541809443852,0.00027121129877862103,10.0,9.383119805725242,91.67731032190024
bootstrap_805,1e-08,0.04412714586717392,156.0,493.5199203705055,0.000271202081579895,10.0,9.38402944438176,83.8756656232083
bootstrap_806,1e-08,0.030615842993574838,156.0,500.0,0.0002691088723249256,10.0,10.532263283041134,93.56103663106953
bootstrap_807,1e-08,0.04512502842082895,156.0,498.7097876727296,0.0002717096985744182,10.0,9.076463437205913,94.26696072835546
bootstrap_808,1e-08,0.03108467833120726,156.0,499.9998218243393,0.00026944759354939184,10.0,10.532026086250077,80.8281969739091
bootstrap_809,1e-08,0.04512502842082895,156.0,498.7097876727296,0.0002717096985744182,10.0,9.076463437205913,86.25288023020057
bootstrap_810,1e-08,0.06047001160444332,156.0,500.0,0.0006577563198992694,10.0,10.5324,95.23804910631422
bootstrap_811,1e-08,0.030544409239001865,16076.814491216228,316.97125561688335,0.00028950924620927803,8.336715014551935,10.006911257465081,96.66054344345714
bootstrap_812,1e-08,0.043438530156140034,156.0,497.13235853148035,0.00027122061204912863,10.0,9.163511299799676,103.54910503836518
bootstrap_813,1e-08,0.010504256483184576,156.0,447.25706080430894,0.0005628128793524478,10.0,9.806608266295104,88.76971950634238
bootstrap_814,1e-08,0.030615842993574838,156.0,500.0,0.0002691088723249256,10.0,10.532263283041134,88.06563118519851
bootstrap_815,1e-08,0.04468611712273387,156.0,498.09596953823245,0.00027146524593008536,10.0,9.087259507236748,84.5716288685967
bootstrap_816,1e-08,0.0434307624999626,156.0,496.41786100250897,0.00027125630785153527,10.0,9.134081778079207,95.67684742606157
bootstrap_817,1e-08,0.04512465935281085,156.0,498.7102057676112,0.0002717094504207793,10.0,9.076466188997152,88.0569797488616
bootstrap_818,1e-08,0.04596587552822032,156.0,498.065730162933,0.00027255188820067674,10.0,8.992807087965561,96.35777552349181
bootstrap_819,1e-08,0.060196765083477946,156.0,489.24398240181813,0.0006332365218306639,10.0,10.531442705036174,95.617950771669
bootstrap_820,1e-08,0.042873269344285855,156.0,447.2166749270545,0.00026871669789288834,10.0,9.766012556375532,81.41847657357788
bootstrap_821,1e-08,0.02991390220488397,156.0,499.99849754855325,0.00026868012688524687,10.0,10.53231195818799,87.95089456309326
bootstrap_822,1e-08,0.030615842993574838,156.0,500.0,0.0002691088723249256,10.0,10.532263283041134,90.45079266531461
bootstrap_823,1e-08,0.031617145280097736,156.0,499.9994915078205,0.00026977431607118547,10.0,10.50031765926749,94.06088901953618
bootstrap_824,1e-08,0.01046741142287427,156.0,443.6981850406305,0.0005548381793551318,10.0,9.829543295630991,94.59637399644787
bootstrap_825,1e-08,0.04526031490091108,156.0,497.92987645616626,0.00027180626720311844,10.0,9.095618993059453,86.94372624499128
bootstrap_826,1e-08,0.043434013366898366,156.0,497.14043297874116,0.00027121803515314433,10.0,9.164504188082066,95.44212383692448
bootstrap_827,1e-08,0.06244609387890693,156.0,500.0,0.0006427996544784084,10.0,10.532330859014778,92.9164742723986
bootstrap_828,1e-08,0.04511994452364218,156.0,497.9638913356267,0.0002716999855869422,10.0,9.111320685652167,80.76307626998529
bootstrap_829,1e-08,0.04470690798193429,156.0,498.21557548844646,0.00027166104304163924,10.0,9.109118560391863,95.31036062533906
bootstrap_830,1e-08,0.06463715531645912,156.0,500.0,0.000649395102262454,10.0,10.532307661050783,96.2334304717976
bootstrap_831,1e-08,0.04481961882371821,156.0,498.55465310834643,0.0002714642276260468,10.0,9.086770529643495,85.58669500991326
bootstrap_832,1e-08,0.0486192426963912,156.0,493.26264745296464,0.0002691292529912757,10.0,9.47079995859469,92.42955160938304
bootstrap_833,1e-08,0.044714581284535676,156.0,498.2536444689754,0.0002720089358452213,10.0,9.153247067697233,90.39066067383806
bootstrap_834,1e-08,0.060485077201184734,156.0,500.0,0.0006585488017592467,10.0,10.5324,98.64411962023237
bootstrap_835,1e-08,0.06001184759548489,156.0,489.2123341753277,0.0006321464429903292,10.0,10.532399516337883,89.61652245286658
bootstrap_836,1e-08,0.04467436007626052,156.0,498.5262144278164,0.00027136917793952513,10.0,9.083658962593638,89.5931302416619
bootstrap_837,1e-08,0.0595018107795456,156.0,500.0,0.0006240336749805066,10.0,10.53233650676664,95.20173759474368
bootstrap_838,1e-08,0.043438547604281834,156.0,497.1320957895367,0.0002712205623096143,10.0,9.163518448305348,93.544391133165
bootstrap_839,1e-08,0.04512438920561712,156.0,498.7102676526754,0.00027170940886486386,10.0,9.076462180251678,88.89237255464933
bootstrap_840,1e-08,0.044714581284535676,156.0,498.2536444689754,0.0002720089358452213,10.0,9.153247067697233,92.09073334825165
bootstrap_841,1e-08,0.045047416299216644,156.0,498.6517779275107,0.0002716627692445818,10.0,9.081550790050585,88.0090881733779
bootstrap_842,1e-08,0.045267803165366625,156.0,497.9229033300469,0.000271807913159667,10.0,9.095789716085356,101.19236600002257
bootstrap_843,1e-08,0.06440390245530694,156.0,500.0,0.0006478198140713882,10.0,10.532292632601685,88.50338825221489
bootstrap_844,1e-08,0.04858158951338318,156.0,493.050411876559,0.0002691057397984518,10.0,9.478623513999857,93.87970235168942
bootstrap_845,1e-08,0.060485077201184734,156.0,500.0,0.0006585488017592467,10.0,10.5324,88.52541631232204
bootstrap_846,1e-08,0.04343852453627357,156.0,497.132078124914,0.0002712205363930876,10.0,9.163523598083586,94.76751123751336
bootstrap_847,1e-08,0.04651499457340554,156.0,499.01634099332614,0.00027274137926897485,10.0,9.063944471401886,98.61368546580962
bootstrap_848,1e-08,0.04343073969247982,156.0,496.4178823845664,0.00027125629894594243,10.0,9.134082593020619,98.30019927528157
bootstrap_849,1e-08,0.04414257434625633,156.0,493.52093898329485,0.0002712105235448277,10.0,9.3851527950481,87.43548494755863
bootstrap_850,1e-08,0.0486192426963912,156.0,493.26264745296464,0.0002691292529912757,10.0,9.47079995859469,98.40110958272942
bootstrap_851,1e-08,0.060072389851230534,156.0,500.0,0.000656006577845742,10.0,10.5324,95.72790936560531
bootstrap_852,1e-08,0.030615842993574838,156.0,500.0,0.0002691088723249256,10.0,10.532263283041134,89.19051806852231
bootstrap_853,1e-08,0.045116726287976104,156.0,498.7075964317354,0.00027170105092227454,10.0,9.077610220683962,91.13759367549703
bootstrap_854,1e-08,0.06114157424744339,156.0,474.4233357332804,0.0006344483631259158,10.0,10.532399999999999,100.89821717533522
bootstrap_855,1e-08,0.048446396155369956,156.0,490.644848140821,0.00026923952629749484,10.0,9.51635002098528,90.4067997240468
bootstrap_856,1e-08,0.04343053186550617,156.0,496.42078525824866,0.0002712564991364814,10.0,9.13415438619164,88.71221288128065
bootstrap_857,1e-08,0.04497748525193464,156.0,497.2061931470898,0.0002714567902063808,10.0,9.121707052050276,89.44867717571474
bootstrap_858,1e-08,0.010420589726804019,156.0,446.4881479732152,0.0005625397888719208,10.0,9.818146416963323,90.424020353277
bootstrap_859,1e-08,0.044687212608690546,156.0,498.51635022765174,0.00027137649709354323,10.0,9.083312684384316,90.39013405012206
bootstrap_860,1e-08,0.010504093055141727,156.0,447.25975807780867,0.0005628209042161977,10.0,9.8066640188113,75.99043926583818
bootstrap_861,1e-08,0.044126761438321074,156.0,493.522601186929,0.0002712015262157938,10.0,9.38391916649123,92.72724157527527
bootstrap_862,1e-08,0.01035876503918372,156.0,473.20104008794726,0.0005789315432791709,10.0,9.818195740795119,88.48716299295951
bootstrap_863,1e-08,0.04512458302910348,156.0,498.70919122503494,0.00027170922534421624,10.0,9.076464968850207,93.14691740610283
bootstrap_864,1e-08,0.04526734727994037,156.0,497.92634585112205,0.00027180668284183096,10.0,9.09510463180803,93.21090011217314
bootstrap_865,1e-08,0.044686151238631996,156.0,498.0959199740636,0.00027146526702025446,10.0,9.087258571572864,98.81105101008235
bootstrap_866,1e-08,0.04300556795939821,156.0,458.2745329805469,0.0002672872593834311,10.0,9.121349775834657,87.39744483554807
bootstrap_867,1e-08,0.060485077201184734,156.0,500.0,0.0006585488017592467,10.0,10.5324,95.42215144707895
bootstrap_868,1e-08,0.01045342127864042,156.0,474.047001566749,0.0005685488139920228,10.0,9.845620856288306,89.45006342823972
bootstrap_869,1e-08,0.04682182022374093,156.0,499.71277986381983,0.0002687261940522497,10.0,9.293128664728748,94.4808417452607
bootstrap_870,1e-08,0.04501929452008198,156.0,498.088221269795,0.00027167664566079354,10.0,9.110212706251417,96.11247685425242
bootstrap_871,1e-08,0.044999536908708254,156.0,496.89385384167235,0.0002714837135074764,10.0,9.128487043223476,102.92435192618802
bootstrap_872,1e-08,0.04467429885033498,156.0,498.52626263670476,0.00027136906607416956,10.0,9.083654163903997,89.27426731858667
bootstrap_873,1e-08,0.045019059538670345,156.0,498.08828421303167,0.00027167646722826497,10.0,9.11021577002898,96.10152042442104
bootstrap_874,1e-08,0.04575789885715652,156.0,496.71059967502663,0.00027194518864690165,10.0,9.162059419586523,87.9437872581977
bootstrap_875,1e-08,0.06061034650683299,156.0,499.9992696892143,0.00065933232957783,10.0,10.53239769884351,95.7402252279411
bootstrap_876,1e-08,0.029595273981665997,156.0,500.0,0.00026823876195222534,10.0,10.532399999999996,92.57940964969136
bootstrap_877,1e-08,0.044550419188145174,156.0,497.9366779686087,0.00027158890744435443,10.0,9.119270456751568,86.27926239603138
bootstrap_878,1e-08,0.04300551453938149,156.0,458.27454969891073,0.0002672872422190589,10.0,9.121349948244633,90.21705092434766
bootstrap_879,1e-08,0.04481961882371821,156.0,498.55465310834643,0.0002714642276260468,10.0,9.086770529643495,85.02318667602057
bootstrap_880,1e-08,0.043438547604281834,156.0,497.1320957895367,0.0002712205623096143,10.0,9.163518448305348,78.92345827783492
bootstrap_881,1e-08,0.036686201528620205,156.0,498.4484383571988,0.0002681549298550217,10.0,9.076071785332374,86.73832762994246
bootstrap_882,1e-08,0.030112695654438415,156.0,500.0,0.0002687005781031212,10.0,10.531873148249122,86.7155145873816
bootstrap_883,1e-08,0.010026264498354708,447.9566441583729,468.7582988692582,0.0007942829284888126,10.0,10.380986960962069,85.37947826867546
bootstrap_884,1e-08,0.03053783041614594,156.0,500.0,0.00026899538563269023,10.0,10.532333954842699,99.12351614998666
bootstrap_885,1e-08,0.04512438920561712,156.0,498.7102676526754,0.00027170940886486386,10.0,9.076462180251678,88.53100161366129
bootstrap_886,1e-08,0.045102846780200836,156.0,498.70201590048964,0.00027169803787486797,10.0,9.07791717378646,99.51888207120057
bootstrap_887,1e-08,0.010461952076178609,156.0,442.8156036968768,0.0005465600880962026,10.0,9.933689937396565,94.0312654504879
bootstrap_888,1e-08,0.0448192614564874,156.0,498.5549700374801,0.00027146454029516154,10.0,9.08675754753955,79.56638839236689
bootstrap_889,1e-08,0.044672368477901556,156.0,498.5228316720073,0.00027136757524997277,10.0,9.083921356415427,90.91806166629306
bootstrap_890,1e-08,0.04512438920561712,156.0,498.7102676526754,0.00027170940886486386,10.0,9.076462180251678,89.431785611315
bootstrap_891,1e-08,0.01045366306078585,156.0,472.2741471240314,0.0005652064536903075,10.0,9.869756777733535,95.86069427374983
bootstrap_892,1e-08,0.045019059538670345,156.0,498.08828421303167,0.00027167646722826497,10.0,9.11021577002898,97.9841059126323
bootstrap_893,1e-08,0.043424790401036,156.0,496.4057910864281,0.0002712515028103189,10.0,9.134296470639773,100.2025903788782
bootstrap_894,1e-08,0.04442910222116905,156.0,497.79208715179067,0.0002713115142497889,10.0,9.107269402526153,87.54937459714283
bootstrap_895,1e-08,0.012115415101002008,156.0,270.18151935296333,0.00025725801304976397,10.0,10.529552623067058,86.43425095538964
bootstrap_896,1e-08,0.043438547604281834,156.0,497.1320957895367,0.0002712205623096143,10.0,9.163518448305348,85.08750949483942
bootstrap_897,1e-08,0.04471446382444372,156.0,498.25364291932783,0.00027200889333442116,10.0,9.153248202101967,90.52862628156907
bootstrap_898,1e-08,0.060002625179942634,156.0,500.0,0.0006543508346180714,10.0,10.5324,91.53581678405205
bootstrap_899,1e-08,0.010505864150626687,156.0,446.93514201746376,0.0005664872594146481,10.0,9.763479349994249,93.68146939905246
bootstrap_900,1e-08,0.06056380442550754,156.0,499.99634546734615,0.0006583644861043191,10.0,10.5322552270006,93.37452315155555
bootstrap_901,1e-08,0.043424783800314844,156.0,496.4057913439311,0.00027125150354452294,10.0,9.134296432319886,91.2964162238349
bootstrap_902,1e-08,0.04412714586717392,156.0,493.5199203705055,0.000271202081579895,10.0,9.38402944438176,94.33806687512657
bootstrap_903,1e-08,0.04511784239105216,156.0,497.00067489759505,0.00027148303055435146,10.0,9.12630442342559,88.29332651487924
bootstrap_904,1e-08,0.010424644684404202,156.0,447.47505676213524,0.0005630881680556345,10.0,9.813703050174372,87.33036308550568
bootstrap_905,1e-08,0.031143967858723615,156.0,500.0,0.0002694771110000909,10.0,10.5324,84.63803991328689
bootstrap_906,1e-08,0.04512468949949416,156.0,498.71010538832473,0.00027170961843403485,10.0,9.076474333801658,106.0794280887054
bootstrap_907,1e-08,0.04499951672047586,156.0,496.8939010723621,0.0002714837163912351,10.0,9.128488466860109,77.48077865310282
bootstrap_908,1e-08,0.04475888032816282,156.0,498.3170247271551,0.00027143926158203647,10.0,9.089414667255376,97.33828009030567
bootstrap_909,1e-08,0.0595018107795456,156.0,500.0,0.0006240336749805066,10.0,10.53233650676664,88.84148917313351
bootstrap_910,1e-08,0.04512468949949416,156.0,498.71010538832473,0.00027170961843403485,10.0,9.076474333801658,87.02278792241832
bootstrap_911,1e-08,0.04300548483139906,156.0,458.2744637997772,0.000267287236592331,10.0,9.121348155498392,84.57311461626082
bootstrap_912,1e-08,0.043424790401036,156.0,496.4057910864281,0.0002712515028103189,10.0,9.134296470639773,91.23654423738529
bootstrap_913,1e-08,0.043438547604281834,156.0,497.1320957895367,0.0002712205623096143,10.0,9.163518448305348,96.75322856245892
bootstrap_914,1e-08,0.058944152321158905,156.0,500.0,0.0006459271887380186,10.0,10.532030685370348,85.95978827647677
bootstrap_915,1e-08,0.010417304081088576,156.0,447.53302924337976,0.0005552357309129008,10.0,9.935043691756643,87.20028723004842
bootstrap_916,1e-08,0.04467038956964231,156.0,498.52496479934473,0.0002713668583558921,10.0,9.083693907149293,93.67884223165763
bootstrap_917,1e-08,0.045294250194218365,156.0,496.71756840022266,0.0002723114022772003,10.0,9.16874726278655,94.4839743989115
bootstrap_918,1e-08,0.045124131938346815,156.0,498.70939490517674,0.0002717091535869141,10.0,9.076468444387816,95.10554106559145
bootstrap_919,1e-08,0.04844552134509647,156.0,490.6464669486755,0.00026923972954198683,10.0,9.516206962584976,99.38307508054905
bootstrap_920,1e-08,0.06056380442550754,156.0,499.99634546734615,0.0006583644861043191,10.0,10.5322552270006,94.57311985591586
bootstrap_921,1e-08,0.04522193019830708,156.0,496.4568007280769,0.0002713757046799299,10.0,9.102025705111798,91.44439444225627
bootstrap_922,1e-08,0.04168160807048903,156.0,498.8911184245707,0.000269889717604091,10.0,9.016060031336748,89.94532809281267
bootstrap_923,1e-08,0.04511041779955235,156.0,497.13898092714385,0.0002715123296505392,10.0,9.120378643163773,87.28846294744032
bootstrap_924,1e-08,0.03323313093454675,156.0,489.320869196358,0.0002706697270959368,10.0,10.532399999999999,97.97668386353382
bootstrap_925,1e-08,0.04844625379636077,156.0,490.644767815068,0.0002692394700513241,10.0,9.51634889848902,95.55212443597006
bootstrap_926,1e-08,0.04511041779955235,156.0,497.13898092714385,0.0002715123296505392,10.0,9.120378643163773,94.25713358013097
bootstrap_927,1e-08,0.010419480381872424,156.0,446.5103957707187,0.0005625302300851823,10.0,9.818752769519236,96.72627967699846
bootstrap_928,1e-08,0.04468634555327263,156.0,498.09630435166406,0.0002714653362164259,10.0,9.087239079934605,89.3111863394588
bootstrap_929,1e-08,0.02981599073461354,156.0,500.0,0.00026839261013313396,10.0,10.532399999999997,96.863137982687
bootstrap_930,1e-08,0.043432327321890854,156.0,497.13623995767307,0.0002712161207097762,10.0,9.163842361059734,92.89585272008509
bootstrap_931,1e-08,0.01039460303622049,156.0,466.7682766671787,0.0005709922204603081,10.0,9.910977385112131,86.52699448625201
bootstrap_932,1e-08,0.0103947192521292,156.0,466.7603579338706,0.0005709913523621993,10.0,9.910904630528798,90.87313437816414
bootstrap_933,1e-08,0.04469449174931744,156.0,498.2418427079084,0.0002719980676296236,10.0,9.154684280641094,87.76401480574415
bootstrap_934,1e-08,0.04522193019830708,156.0,496.4568007280769,0.0002713757046799299,10.0,9.102025705111798,88.50135770376409
bootstrap_935,1e-08,0.043424790401036,156.0,496.4057910864281,0.0002712515028103189,10.0,9.134296470639773,85.68518828146306
bootstrap_936,1e-08,0.01039469337066723,156.0,466.75844283242975,0.0005709877640340754,10.0,9.910946213751705,89.7401244456468
bootstrap_937,1e-08,0.03105607571844573,156.0,500.0,0.0002694227589488672,10.0,10.529539105880836,88.52825438550613
bootstrap_938,1e-08,0.03323927179380053,156.0,489.3223661423657,0.0002706733699114875,10.0,10.532392593305344,88.13660338837987
bootstrap_939,1e-08,0.04594278138573146,156.0,498.05143196292397,0.00027254212409029383,10.0,8.994220930989814,82.96117572131321
bootstrap_940,1e-08,0.030725246733604498,156.0,500.0,0.00026915334696373173,10.0,10.532399999999996,88.47186479086605
bootstrap_941,1e-08,0.030615842993574838,156.0,500.0,0.0002691088723249256,10.0,10.532263283041134,91.9475408777245
bootstrap_942,1e-08,0.039538519274813944,18273.74383838944,331.13211400508817,0.0002957688898494255,8.758567106590455,9.7638696528128,89.39060106998949
bootstrap_943,1e-08,0.04530856159743721,156.0,496.7102115049805,0.00027231641423296,10.0,9.1685791827639,93.64943235294983
bootstrap_944,1e-08,0.043438563241213854,156.0,497.1320312422161,0.00027122056427521756,10.0,9.163518236273642,93.99665753116709
bootstrap_945,1e-08,0.06026697027437236,156.0,499.976818225853,0.0006569897784169463,10.0,10.531675469988624,92.22507758673495
bootstrap_946,1e-08,0.010358165832936249,156.0,461.33379058286664,0.0005804294744248236,10.0,9.802977496035929,83.04495693013777
bootstrap_947,1e-08,0.06069011414704508,156.0,500.0,0.0006594628036455163,10.0,10.532332123702224,97.44338162657891
bootstrap_948,1e-08,0.044949951326319,156.0,496.90742242334227,0.00027140387771728896,10.0,9.121787971545285,88.95086436061275
bootstrap_949,1e-08,0.05003517195522159,13593.424463671945,361.1230922604868,0.00029706370317197483,7.411568448496281,9.758403834173674,92.33866717238928
bootstrap_950,1e-08,0.04343059940987797,156.0,496.4174775816159,0.00027125620470024665,10.0,9.134090344757642,88.11793911808667
bootstrap_951,1e-08,0.045757491905254424,156.0,496.71105479442593,0.00027194519113515236,10.0,9.16207736266755,95.25149554644055
bootstrap_952,1e-08,0.043430694100073323,156.0,496.4178580466999,0.00027125625723105427,10.0,9.134081704947658,94.43637272960271
bootstrap_953,1e-08,0.029881759095109903,156.0,499.990867294022,0.0002686140724911329,10.0,10.53185962462173,101.96130980341319
bootstrap_954,1e-08,0.04859755572919206,156.0,493.18224491998285,0.00026911087729329956,10.0,9.474707451713659,86.23345088997175
bootstrap_955,1e-08,0.054905824905666686,156.0,500.0,0.0005942752533376866,10.0,10.532360906552928,96.14928495994107
bootstrap_956,1e-08,0.045965510295476644,156.0,498.06635199949903,0.0002725517964349259,10.0,8.992784112674972,94.69686285075645
bootstrap_957,1e-08,0.059940143019251005,156.0,487.05324349486716,0.0006291518495772162,10.0,10.48490447478806,82.50340938571526
bootstrap_958,1e-08,0.04485482194134042,156.0,497.6387989664174,0.00027202680239899526,10.0,9.150228562163042,93.33988406898705
bootstrap_959,1e-08,0.04844600045399304,156.0,490.6422527306289,0.00026923952023115937,10.0,9.516400168559128,90.04559792603644
bootstrap_960,1e-08,0.060642509637147644,156.0,500.0,0.0006593988147935482,10.0,10.532243640159017,86.90545043328876
bootstrap_961,1e-08,0.031091674795567036,156.0,499.989681119578,0.00026945390178070524,10.0,10.529847219728353,85.88071327781849
bootstrap_962,1e-08,0.04470690798193429,156.0,498.21557548844646,0.00027166104304163924,10.0,9.109118560391863,89.12180798477232
bootstrap_963,1e-08,0.043438547604281834,156.0,497.1320957895367,0.0002712205623096143,10.0,9.163518448305348,90.4474986496396
bootstrap_964,1e-08,0.04680386995750979,156.0,499.8703939026899,0.00026873496004801544,10.0,9.289541438800619,96.80903423019244
bootstrap_965,1e-08,0.043438547604281834,156.0,497.1320957895367,0.0002712205623096143,10.0,9.163518448305348,93.11005480903077
bootstrap_966,1e-08,0.04759381741041082,156.0,499.9993951681652,0.0002697778814597213,10.0,9.119199588425278,89.52698182298016
bootstrap_967,1e-08,0.010420457697242374,156.0,446.4973280887756,0.0005626113701581391,10.0,9.818396700226302,92.91662339425714
bootstrap_968,1e-08,0.0416397885608779,156.0,498.8823648400596,0.00026985827237278924,10.0,9.017437833942742,88.64534081069029
bootstrap_969,1e-08,0.06019853445136908,156.0,500.0,0.000656808392401172,10.0,10.532384037243723,98.95373014899104
bootstrap_970,1e-08,0.04510601760338209,156.0,497.0131289654472,0.000271558540860255,10.0,9.125700835993612,86.71022048921063
bootstrap_971,1e-08,0.03323282677970865,156.0,489.281322411513,0.0002706693439530727,10.0,10.532399988757975,94.57736685382227
bootstrap_972,1e-08,0.060563220383677806,156.0,499.99640480580973,0.0006583428221826862,10.0,10.532256795456068,86.85708344387743
bootstrap_973,1e-08,0.011970843082056391,156.0,276.58001900710394,0.0002554002442241347,10.0,10.532399314421447,91.72613340067785
bootstrap_974,1e-08,0.044686151238631996,156.0,498.0959199740636,0.00027146526702025446,10.0,9.087258571572864,101.19298365736428
bootstrap_975,1e-08,0.04471503836044961,156.0,498.2529099552256,0.0002720088853453087,10.0,9.15322874494857,95.27745435224091
bootstrap_976,1e-08,0.06059886001570336,156.0,499.98893157246346,0.0006589793021753727,10.0,10.53207837657669,94.19892939309716
bootstrap_977,1e-08,0.060485077201184734,156.0,500.0,0.0006585488017592467,10.0,10.5324,100.1796664223305
bootstrap_978,1e-08,0.04496398478850461,156.0,497.1850438051023,0.00027144524281298596,10.0,9.121953429495825,104.69998667704006
bootstrap_979,1e-08,0.04512437192538196,156.0,498.7101937808767,0.00027170937424393914,10.0,9.076475178162314,88.4549200443831
bootstrap_980,1e-08,0.04807595881169993,156.0,490.5431235296684,0.0002689656770773337,10.0,9.52666872592201,86.80515507329585
bootstrap_981,1e-08,0.04512523677724778,156.0,498.7082423556919,0.0002717098306985993,10.0,9.076437719858959,96.09023212013538
bootstrap_982,1e-08,0.05257739437543593,156.0,500.0,0.0005585132331393451,10.0,10.532254473297993,92.57963889505632
bootstrap_983,1e-08,0.031092706252087477,156.0,499.99332068233844,0.0002694542578474696,10.0,10.529820040910813,90.56048055626769
bootstrap_984,1e-08,0.04343807127619602,156.0,497.13124307425005,0.00027122024148344795,10.0,9.163560581729826,97.74393737344734
bootstrap_985,1e-08,0.06056380442550754,156.0,499.99634546734615,0.0006583644861043191,10.0,10.5322552270006,87.30147173885945
bootstrap_986,1e-08,0.06056380442550754,156.0,499.99634546734615,0.0006583644861043191,10.0,10.5322552270006,96.1056448754534
bootstrap_987,1e-08,0.044686151238631996,156.0,498.0959199740636,0.00027146526702025446,10.0,9.087258571572864,88.22148950351495
bootstrap_988,1e-08,0.04717621147447884,156.0,497.55382361385045,0.00026965475983246857,10.0,9.161755840384124,90.6070448489547
bootstrap_989,1e-08,0.04512437192538196,156.0,498.7101937808767,0.00027170937424393914,10.0,9.076475178162314,87.21652599723197
bootstrap_990,1e-08,0.01039480754333542,156.0,466.76571359525866,0.0005709912230956256,10.0,9.910906624111469,93.41801795248627
bootstrap_991,1e-08,0.04754830483017568,156.0,499.2633521989694,0.0002697525059278343,10.0,9.135934016162036,92.73275083297582
bootstrap_992,1e-08,0.04355377259573058,156.0,447.5664259850515,0.00026893433406811526,10.0,9.765531741573323,90.42978222237795
bootstrap_993,1e-08,0.04467429885033498,156.0,498.52626263670476,0.00027136906607416956,10.0,9.083654163903997,93.03619224714454
bootstrap_994,1e-08,0.030906523978625894,156.0,500.0,0.0002692213012846874,10.0,10.5324,93.82212712443162
bootstrap_995,1e-08,0.044764030093150366,156.0,498.3292995150763,0.00027144356556920725,10.0,9.088887396466264,89.2071958040402
bootstrap_996,1e-08,0.043424790401036,156.0,496.4057910864281,0.0002712515028103189,10.0,9.134296470639773,90.4762985689213
bootstrap_997,1e-08,0.06056380442550754,156.0,499.99634546734615,0.0006583644861043191,10.0,10.5322552270006,89.39917817357258
bootstrap_998,1e-08,0.04406309198614033,20203.308682580326,337.8115208725461,0.00032360736594736926,9.849777202429905,9.62134454724378,92.67208210890584
bootstrap_999,1e-08,0.031350859985693216,156.0,499.99921092928014,0.0002696670069287397,10.0,10.532339108088951,96.02494989924341
bootstrap_1000,1e-08,0.010394306682661697,156.0,466.783443262639,0.000571060374669336,10.0,9.911409323793709,91.84919925397644
